subtype	tp-ads_743148_combined-10G	tp-as-sg-577351-10G	tp-i-sg-577309-10G	tp-e-sg-577373-10G	sk-as-sg-577367-10G	sk-e-sg-577293-10G	sk-i-sg-577329-10G	sh-ads-sg-577301-10G	sh-as-sg-577335-10G	sh-e-sg-577371-10G	sh-i-sg-577303-10G	s-as-sg-577363-10G	s-e-sg-577285-10G	s-i-sg-577323-10G	swh-ads-sg-577327-10G	swh-as-sg-577355-10G	swh-e-sg-577375-10G	swh-i-sg-577313-10G	yl-i-sg-577317-10G	yl-ads-sg-577333-10G	yl-as-sg-577359-10G	yl-e-sg-577377-10G
beta_lactam__GES-7	0	0	5.84E-05	0	0	0	4.68E-05	0	0	0	0	0	0	3.17E-05	0	0	0	2.82E-05	2.57E-05	0	0	0
tetracycline__tetB(60)	4.99E-05	9.29E-06	0.000204499	0	9.01E-06	0	0.000228969	1.53E-05	0	1.71E-05	0.00021168	8.51E-06	4.21E-05	0.000105459	1.04E-05	0	2.81E-05	0.000256893	0.000137764	2.23E-05	0	1.30E-05
beta_lactam__CMY-41	0	0	0	0	0	0	1.92E-05	0	0	0	0	0	0	0	0	0	0	2.13E-05	4.42E-05	0	0	0
beta_lactam__SPR-1	0	0	0	0	0	0	0	0	0	0	0	0	0	0	0	0	0	0	2.82E-05	0	0	0
aminoglycoside__ANT(4')-Ib	6.87E-05	0	7.02E-05	0	0	0	0.000116902	0	0	0	0	0	0	0	0	0	0	0.000133354	0	0	0	0
beta_lactam__Escherichia-coli-ampC	0.000123645	0	0.007568884	0.00011084	8.11E-05	0.000199766	0.004462888	0	0.000115815	0	0.00042994	0	0.000204391	0.00059346	0	0	2.90E-05	0.002354497	0.004214655	0	0	0.000120941
multidrug__efpA	0.017908399	0.014210282	0.014530132	0.060938507	0.001092037	0.005630678	0.001490696	0.006249186	0.006306382	0.026095921	0.008324329	0.017707084	0.046779899	0.012915013	0.013565372	0.00605675	0.01053282	0.00483399	0.007480644	0.00919187	0.004022915	0.01553676
beta_lactam__GES-2	0	0	2.95E-05	0	0	0	0.00056221	3.25E-05	3.80E-05	0	6.20E-05	0	0	9.31E-05	0	0	0	2.82E-05	0.000177706	0	0	0
aminoglycoside__AAC(3)-IIe	0	0	0.000488165	0	0	0	0.000970396	0	0	0	6.16E-05	0	0.000119758	0.000394494	3.09E-05	0	7.72E-05	0.000875315	0.000947558	0	7.69E-05	0
quinolone__QnrB70	0	0	0	0	0	0	0	0	0	0	0	0	0	0	0	0	0	3.79E-05	0	0	0	0
beta_lactam__OXA-9	2.30E-05	0	0	0	3.81E-05	0	0	6.81E-05	0	0	0	0.000434369	0.000642453	0.00018295	0	7.58E-05	7.91E-05	8.82E-05	3.07E-05	0	0	0
tetracycline__tet(49)	0	0	0	0	4.95E-05	0	0.000117528	0	2.82E-05	0	0	0	6.30E-05	0	0.000115391	0.000279439	0.0004756	6.11E-05	0.00015353	0.000129236	0.000142115	0.000311257
beta_lactam__OKP-B-10	0	0	8.94E-05	0	0	0	0.000127226	0	0	0	0	0	0	5.66E-05	0	0	0	8.68E-05	0.000265991	0	0	0
beta_lactam__IMP-49	0	0	0	0.000167277	0	0	0	0	0	0	0	0	0	0	0	0	0	0	0	0	0	0
beta_lactam__OXA-728	0	0	0	0	0	0	2.48E-05	0	0	0	0	0	4.09E-05	3.02E-05	0	0	0	0	2.97E-05	0	0	0
bleomycin__BLMT	0	0	0	0	0	0	0	0	0	0	0	0	0	0	0	0	0	0	0.000248044	0	0	0.000119806
aminoglycoside__aadS	0.000730061	0.000513388	0.003728697	0.000470052	0.004857626	0.000429204	0.026822912	6.62E-05	3.42E-05	0.001186533	0.002096073	0.006826738	0.005160349	0.018689463	0.001607412	0.002946764	0.001060305	0.021098222	0.00505835	0.000343388	0.000335552	0.000991845
beta_lactam__TEM-122	0	0	0	0	0	0	0	0	0	0	0	0	0	0	0	0	0	5.73E-05	0	0	0	0
macrolide-lincosamide-streptogramin__lsa(E)	0.000825756	0	0.000159258	3.81E-05	7.74E-05	0	0.002234654	0.000433518	0	3.74E-05	0.003949798	6.46E-05	0.000305545	0.000528848	0.000592799	8.10E-05	0	0.000694028	0.00071712	0.000339387	0	4.73E-05
macrolide-lincosamide-streptogramin__erm(47)	0.003035371	8.57E-05	0.000410351	0	0	0	0.000446771	0.000266554	9.06E-05	0	0.002030173	0	0	0.000217187	0	0	0	0.000165451	0.000499114	0.000259577	0.000131405	0
beta_lactam__LCR-1	0.001120441	0.007578903	0.006889543	0.00277299	0.000395583	4.28E-05	0.000704907	0.001488353	0.006712114	0.000870092	0.003088448	0.000345223	0.000232248	0.000895359	0.000100421	0.000579761	0.00016475	0.00117725	0.002700014	3.48E-05	0.000211533	0.000293854
beta_lactam__CIA-4	0	0	0	0	0	0	0	0	0	0	0	0	0	0	0	0	0	2.83E-05	0	0	0	0
aminoglycoside__rmtC	0	0	0	0	0	0	0	0	0	0	9.47E-05	0	0	0	0	0	0	0	0	0	0	0
quinolone__norA	8.18E-05	0	6.44E-05	0	0	0	0	0	0	0	0	0	0	0	0	0	0	0	0	0	0	0
other_peptide_antibiotics__ArnT	0.000103573	1.87E-05	0.00477151	0.000112409	0.000136036	0.0002812	0.006820276	0	1.82E-05	7.11E-05	0.000557805	0	0.000808734	0.002242738	0	3.97E-05	0.000338901	0.00410896	0.017521047	3.32E-05	0	0.000574212
beta_lactam__TEM-21	0	0	0	0	0	0	2.61E-05	0	0	0	0	0	0	0	0	0	0	0	0	0	0	0
polymyxin__mcr-3.20	0	0	0.000108633	0	0	0	0.000134241	0	0	0	0	0	0	0.000164596	0	0	0	1.50E-05	0.000281867	0	0	5.58E-05
beta_lactam__PRC-1	0	0	0.000135455	0	0	0	0.000442656	0	0	0	0.000162285	0	2.73E-05	0.000281462	0	0	7.89E-05	0.000594577	0.000111461	0.000216207	0.000406914	0.000279623
vancomycin__vanA	0	0	0	0	0	6.61E-05	0	0	0	0	5.14E-05	0	0	0	0	0	0.000162245	0	0	2.66E-05	0	0
beta_lactam__ACC-3	0	0	0	0	0	0	3.92E-05	0	0	0	0	0	0	0	0	0	0	0	0	0	0	0
tetracycline__tet(E)	8.06E-05	0	0.003268289	5.13E-05	0	5.55E-05	0.004791074	0	0	0	0.000306275	9.47E-05	0.002538315	0.003145133	0	0.000917167	0.000298492	0.004530743	0.011858103	0.000121505	5.58E-05	0.000336545
multidrug__mexQ	2.06E-05	1.63E-05	5.28E-05	2.26E-05	9.16E-05	0.000227141	7.18E-05	1.46E-05	4.03E-05	0.000101472	9.83E-05	9.64E-05	8.20E-05	0.000145371	7.67E-05	6.60E-05	0.000173169	0.00015749	9.69E-05	2.84E-05	3.80E-05	1.91E-05
beta_lactam__BIL-1	0	0	0	0	0	0	0	0	0	0	0	0	0	0	0	0	0	0	2.21E-05	0	0	0
macrolide-lincosamide-streptogramin__mph(C)	5.49E-05	0	0	0	0	0	0	0	0	0	0	0	0	0	0	0	7.39E-05	0	2.81E-05	0	0	0
beta_lactam__CMY-79	0	0	0	0	0	0	0	0	0	0	0	0	0	0	0	0	0	0	2.21E-05	0	0	0
chloramphenicol__Agrobacterium-fabrum-chloramphenicol-acetyltransferase	0.000346081	0.000280966	0.000281197	4.87E-05	4.99E-05	5.21E-05	0.000140564	0	0.00015988	0.001160819	0.000289985	4.52E-05	0	0.000205205	3.96E-05	0	0.000146242	0.000398192	0.000272785	0.000557196	0.000834563	0.00035819
quinolone__QnrVC5	3.73E-05	0	0.017960908	0.000381417	0	0	0.002978413	3.40E-05	0	0.000226429	0.000551077	0	0.00015602	0.00052601	0	0	0.000102339	0.000484211	0.007923678	0	0	0.000411235
beta_lactam__IMP-14	0	0	0	4.22E-05	0	0	0	0	0	0	0	0	0	0	0	0	0	0	0	0	0	0
beta_lactam__OXA-1	0.000283737	0	0.001154473	0.000209961	0.000102652	0	0.004564424	0	0	0	0.000663073	0	0.001213842	0.001421312	7.68E-05	0.000318411	4.67E-05	0.002395012	0.005370036	0.000115263	0.000587238	0.000594684
beta_lactam__OXA-48	0	0	0	0	0	0	0	0	0	0	0	0	0	0	0	0	0	0	6.48E-05	0	0	0
quinolone__QnrD1	0.000152718	0	0.000304513	0	9.85E-05	0	0.007767786	0	0	0	7.98E-05	0	0.000283322	0.000125681	0	0	0	0.000793239	0.001129841	7.93E-05	5.14E-05	0
macrolide-lincosamide-streptogramin__lmrB	0	0	0	0	0	0.000228563	0	0	0	0	0	0	0	0	0	0	0	1.69E-05	0	0	0	0
rifamycin__rphB	0.000306271	0.002216436	0.000904744	0.001203582	0.001952621	0.004867088	0.000153175	0.002417735	0.003862119	0.003671351	0.001662118	0.001874821	0.000832802	0.001399345	0.002138988	0.002247692	0.003516088	0.000911667	0.000782855	0.001993984	0.002103137	0.000339438
trimethoprim__dfrA6-from-Proteus-mirabilis	0	0	9.58E-05	0	0	0	0	0	0	0	0	0	0	0	0	0	0	0	0	0	0	0
beta_lactam__TEM-178	0	0	2.97E-05	0	0	0	0.000175812	0	0	0	0	0	8.13E-05	3.12E-05	0	0	0	8.30E-05	0.000176543	0	0	0
chloramphenicol__catB3	0.000968521	4.81E-05	0.004183055	0.000245447	0.000695614	0.000105865	0.019531229	0	9.44E-05	0.000367333	0.000529251	4.60E-05	0.004030322	0.00772689	0.000168918	0.000606399	0.000703294	0.010039748	0.014320065	0.000426234	0.00031107	0.00040783
beta_lactam__TEM-184	0	0	0	0	0	0	0	0	0	0	0	0	0	0	0	0	0	2.89E-05	0	0	0	0
beta_lactam__BEL-3	0	0	0	0	0	0	0	0	0	0	0	0	0	0	3.12E-05	0	0	0	0	0	0	0
trimethoprim__dfrA23	0	0	0	0	0	0	0	0	0	0	0	0	5.17E-05	0	0	0	0	0	0	0	0	0.000248446
beta_lactam__FIA-1	0	0	0	0	0	0	0	0	0	0	0	0	0	0	0	0	0.000132605	0	0	0	0	0
aminoglycoside__AAC(3)-IVb	0	6.86E-05	0	0.000107325	0	0	0	0	0.000110052	3.03E-05	0	0	0	0	3.01E-05	7.39E-05	0	9.03E-05	0	3.53E-05	0	0
multidrug__opmD	0	0	0	0	0	0	0	0	0	0	0	0	0	0	0	0	0	0	5.76E-06	0	0	0
aminoglycoside__aadA9	0	0	0	0	0	0	0	0	0	0	0	0	0	0	0	0	0	0	5.63E-05	0.000151841	3.00E-05	0
multidrug__OpmH	0	1.41E-05	0.000787045	0	2.18E-05	0.000115309	0.000502243	0	7.55E-06	6.34E-05	0.000542637	4.20E-05	0.002365299	0.000300617	0	0	0.000174345	0.00068469	0.00034404	0	0	0.000125701
beta_lactam__L1-beta-lactamase	0	0	0	0	0	0	0	0	0	0	2.98E-05	0	0	0	0	0	0	5.25E-05	0	0	0	0
beta_lactam__IND-14	0	0	0	0	0	4.65E-05	0	0	0	0	0	0	0	0	0	0	0	0	0	0	0	0
chloramphenicol__Vibrio-anguillarum-chloramphenicol-acetyltransferase	0	0	0.000108834	0	0	0	0.000432879	0	0	0	0	0	0	0.000153964	0	0	0	0.000224432	0.000268715	7.43E-05	0	0
beta_lactam__KPC-7	0	0	0	0	0	0	0	0	0	0	0	0	4.12E-05	0	0	0	0	0	0	0	0	0
beta_lactam__OXA-47	6.01E-05	0	6.14E-05	0	0	0	0.000686195	0	0	0	3.19E-05	3.65E-05	4.46E-05	0.00031934	0	0	0	0.000410631	0.000184167	0	0	5.47E-05
beta_lactam__TEM-164	0	0	0	0	0	0	0	0	0	0	0	0	0	0	0	0	0	0	2.94E-05	0	0	0
beta_lactam__BES-1	0	0	0.000103594	7.19E-05	0	0	0.002394185	0	0	0	6.16E-05	0	0.000120701	0.00021409	0	0	0	0.000387564	0.001212059	0	0	0
macrolide-lincosamide-streptogramin__erm(F)	0.002089925	0.001071448	0.010468035	0.000991197	0.000932627	0	0.029419844	0.000441579	0.000731108	0.000144249	0.003549522	0.001610738	0.004410462	0.007786965	0.018043761	0.001385596	0.000780009	0.017243642	0.005932837	0.001611038	0.000121525	0.000567503
beta_lactam__GES-21	5.66E-05	7.42E-05	0.000147558	3.62E-05	0	0	0.000683797	3.25E-05	3.80E-05	0	0.000149138	0	3.69E-05	0.000337494	2.89E-05	0.000227621	0.000115048	0.000394316	0.000584576	9.52E-05	0	0.000632247
beta_lactam__VEB-4	0	0	0.000163604	0	0	0	0.000687276	0	3.65E-05	9.96E-05	2.95E-05	0	8.16E-05	5.96E-05	2.59E-05	0	0	0.000316516	0.000390541	0	0	0.000102004
beta_lactam__CfxA2	0.000475467	0	0.006403658	0.000187004	3.25E-05	0	0.013674982	5.80E-05	0	3.05E-05	0.001979948	3.14E-05	0.001182427	0.002106004	0.000165481	3.37E-05	0	0.005171773	0.00400901	0.000472023	0.000137068	0.000755307
macrolide-lincosamide-streptogramin__mef(E)	8.03E-05	0	0.00085955	0	2.59E-05	0	0.000306023	5.19E-05	5.36E-05	2.48E-05	0.000481067	0	0	0.000198863	0	5.42E-05	0	0.000338293	0.000396284	2.24E-05	0	0
beta_lactam__OXA-97	0	3.76E-05	0	0	0	0	0.00025671	0	0	0	0	0	0	0.000316725	0	0	0	5.79E-05	2.82E-05	0	0	0
polymyxin__mcr-2.1	0	0	4.50E-05	0	0	0	4.10E-05	0	0	0	0	0	0	0	0	0	0	0	1.56E-05	0	0	0
beta_lactam__VEB-1b	0	0	0	0	0	0	2.49E-05	0	0	0	2.95E-05	0	0	3.04E-05	0	0	0	2.66E-05	2.81E-05	0	0	5.15E-05
beta_lactam__PDC-5	0	0	4.16E-05	0	0	0	0	0	0	0	0	0	0	0	0	0	0	0	0	0	0	0
beta_lactam__OXA-17	6.09E-05	3.93E-05	9.59E-05	0	0	0	0.000356908	6.95E-05	0.00024789	0	0.000133868	3.76E-05	4.63E-05	0.000134766	0	4.12E-05	4.11E-05	0.000701655	0.000276716	0	0.000208663	0.000111919
macrolide-lincosamide-streptogramin__clbA	0	0	0	0	0	3.19E-05	0	0	0	0	0	0	0	0	0	0	0	0	0	0	0	0
beta_lactam__OXA-441	0	0	0	0	0	0	5.33E-05	0	0	0	0	0	0	0	0	0	0	0	0	0	0	0
aminoglycoside__aadA12	0.0019977	0.000586408	0.002427836	0.002872821	0.000427506	0.000115583	0.010697939	0.000203796	0.000379465	0.000252275	0.001898261	0.000837204	0.001961427	0.005497437	0.000424489	0.00065119	0.000763458	0.006987962	0.005900612	0.00049121	0.002190209	0.000992159
tetracycline__tet(59)	0	0	4.23E-05	0	0	0	3.73E-05	0	0	0	0	0	0	0	0	0	5.47E-05	0	2.10E-05	0	0	0
beta_lactam__GES-18	0	0	0	0	0	0	0	0	0	0	0	0	0	3.17E-05	0	0	0	0	0	0	0	0
tetracycline__tetB(P)	0.000573066	0.000122871	0.000415014	0.000287151	8.16E-05	0.000616406	0.002045378	0.000307096	0.0001558	0.001230643	0.00045811	0.000137933	0.000575727	0.000128728	0.000382223	9.99E-05	0.000299133	0.000802962	0.000396607	0.000617524	0.000289087	0.000701758
quinolone__QnrS11	0	0	0	0	0	0	0.000194274	0	0	0	0	0	0	4.17E-05	0	0	0	3.72E-05	3.94E-05	0	0	0
tetracycline__tet(53)	0	0	0	0	0	0	0	0	0	5.06E-05	0	0	3.12E-05	0	2.28E-05	5.65E-05	0	0	6.48E-05	4.77E-05	0	0
multidrug__mdsB	8.66E-05	2.30E-05	0.000393931	3.14E-05	6.38E-05	0.001157204	0.000766597	2.78E-05	4.08E-05	0.00047186	0.000437531	0.000146211	0.000250205	0.000693838	9.59E-05	8.74E-05	0.00013675	0.00108487	0.000499163	0.000164787	0.000164409	4.13E-05
beta_lactam__RSA2-1	0	0	0	0	0	0	0	0	0	0	2.90E-05	0	0	0	0	0	0	0	0	0	0	0
macrolide-lincosamide-streptogramin__erm(Q)	0.000350513	0.000241044	0.000186305	4.04E-05	0	0.000202138	0.000590701	0	8.67E-05	0.000114308	6.86E-05	0	0	3.46E-05	0.00020739	0	0	0.000183477	0.000322732	0.000176656	8.56E-05	0.000176213
florfenicol__pp-flo	2.22E-05	0	4.53E-05	0	2.85E-05	0	7.86E-05	0	0	2.62E-05	0	0	3.23E-05	4.76E-05	0	2.89E-05	2.92E-05	0.000152622	8.72E-05	7.25E-05	0	0
beta_lactam__blaC	0	0	0	0	0	0	0	0	0	0	5.74E-05	3.28E-05	0.000198298	2.90E-05	0	3.52E-05	0.000218739	0	0	0	0	0
beta_lactam__TEM-193	0	0	0.000321532	0	0	0	0.000578254	0	0	0	0	0	0.000170631	9.47E-05	0	0	3.90E-05	0.00022793	0.000442517	0	0	0
beta_lactam__CTX-M-13	0	0	0	0	0	0	0	0	0	0	0	0	0	0	0	0	0	5.57E-05	0.000144578	0	0	0
beta_lactam__CMY-17	0	0	0	0	0	0	0	0	0	0	0	0	0	0	0	0	0	0	0	0	0	3.88E-05
tetracycline__tet(H)	0	0	0	0	0	0	0.000165903	0	0	0	0	0	0	6.77E-05	0	0	0	0.000100098	8.59E-05	0	0	0
beta_lactam__RUB-1	0	0	3.04E-05	0	0	0	2.57E-05	4.22E-05	0	0	3.17E-05	0	0	0	0	0	0	8.16E-05	0.000178374	0	0	0
beta_lactam__CMY-50	0	0	0	0	0	0	0	0	0	0	0	0	0	2.38E-05	0	0	0	0	0	0	0	0
beta_lactam__OXA-417	0	0	3.17E-05	0	0	0	0.000530954	0	0	0	0	0	0	0.000420703	0	0	0	0.000473324	0	0	0	0
beta_lactam__AXC-4	0	0	0	0	0	0	0	0	0	0	0	0	0	0	0	0	0	2.55E-05	0	0	0	0
beta_lactam__ECM-1	0	0	0	0	0	0	0	0	0	3.30E-05	0	0	0	0	0	0	0	0	0	0	0	0
aminoglycoside__AAC(3)-Ib/AAC(6')-Ib''	0	0	0	0	0	0	0	0	0	0	0	0	0	2.12E-05	0	0	0	0	0	0	2.22E-05	0
aminoglycoside__aadA6	0.000317034	0.00028246	6.09E-05	3.62E-05	3.79E-05	7.91E-05	0.000435172	6.63E-05	3.88E-05	0	6.27E-05	0	0.000128935	0.000470164	0	7.38E-05	3.97E-05	0.000504008	0.000367279	0	7.91E-05	0
beta_lactam__MIR-15	0	0	0	0	0	0	0	0	0	0	0	0	0	0	0	0	0	2.13E-05	2.25E-05	0	0	0
polymyxin__mcr-1.3	0	0	1.53E-05	0	0	0	2.65E-05	0	0	0	0	0	0	1.61E-05	0	0	0	0	0	0	0	0
beta_lactam__VIM-1	0.000393369	6.07E-05	0.001144362	0.000305159	0.000500351	0.000504506	0.002808232	5.54E-05	9.29E-05	0.00017655	0.000772881	0.000148692	0.000714452	0.001583707	0	0.000277567	0.000151927	0.001524589	0.001894748	2.38E-05	0.000876588	0.000463054
beta_lactam__CMY-112	0	0	0	0	0	0	5.79E-05	0	0	0	0	0	0	2.34E-05	0	0	0	0	0	0	0	0
macrolide-lincosamide-streptogramin__mph(F)	0.00010209	7.12E-05	0.000456125	6.95E-05	0	7.59E-05	0.000252367	0	0.000547602	0.000854185	0.001163262	0.000552303	0.000121173	0.001637373	0	6.50E-05	0.000134307	0.000883699	0.001902163	0.004149087	0.005341809	0.025849282
beta_lactam__GOB-33	0	0	0	0	0	6.73E-05	0	0	0	0	0	0	0	0	0	0	0	0	0	0	0	0
beta_lactam__FOX-8	0	0	0	0	0	0	1.91E-05	0	0	0	0	0	0	0	0	0	0	0	2.25E-05	0	0	0
beta_lactam__FEZ-1	0	0	0	0	0	0	0	0	0	0	0	7.14E-05	0.001232335	0	3.13E-05	0	7.75E-05	0	0	3.21E-05	0	0
multidrug__mexM	0	0	0	0	1.83E-05	0	0	0	0	0	0	0	0	0	0	0	0	0	0	0	0	0
tetracycline__tet(X4)	2.15E-05	0	4.40E-05	2.70E-05	0.000212943	0	5.62E-05	0	2.20E-05	0	0	2.67E-05	6.34E-05	0.000163791	2.29E-05	5.04E-05	0	0.000149121	0.000131134	2.30E-05	0	3.92E-05
beta_lactam__blaS1	2.77E-05	3.60E-05	2.71E-05	7.09E-05	7.20E-05	0.000147106	1.43E-05	0.000217958	7.22E-05	0.000295333	0.000405106	0.000201891	0.0019036	0.000390746	0.000449241	0.000219193	0.000508636	8.24E-05	0.000328794	0.00062673	0.000218354	0.001452044
aminoglycoside__AAC(6')-Ib10	0.000122557	0	0.00033301	5.20E-05	0	5.56E-05	0.003671872	0	0	0	0.000222781	5.03E-05	0.000237264	0.00109778	0	0.000108977	0	0.001363472	0.001853348	4.61E-05	0	0.000749851
beta_lactam__DHA-12	0	0	0	2.35E-05	0	0	1.97E-05	0	0	0	0	0	0	0	0	0	0	0	0	0	0	0
beta_lactam__CTX-M-16	0	0	0	0	0	0	0	0	0	0	0	0	0	0	0	0	0	0	2.89E-05	0	0	0
chloramphenicol__Staphylococcus-intermedius-chloramphenicol-acetyltransferase	7.56E-05	0	0	0	0	0	0	0	0	0	0	0	0	0	0	0	0	0	0	0	0	0
quinolone__QnrE1	7.67E-05	0	3.96E-05	0	0	0	0	0	0	0	0	0	5.64E-05	0	0	0	0	0	0	0	0	0
macrolide-lincosamide-streptogramin__lmrC	2.87E-05	1.96E-05	4.68E-05	0	3.79E-05	4.12E-05	5.64E-05	0	1.98E-05	0.000429121	0.000156953	6.72E-05	0.000280524	7.30E-05	3.01E-05	1.97E-05	3.69E-05	0.000116718	8.77E-05	9.23E-05	1.80E-05	0
beta_lactam__LRA-2	0	0	0	0	3.31E-05	0	0	0	0	0	0	9.93E-05	0	2.89E-05	0	3.58E-05	0	0	0	2.44E-05	0	0
beta_lactam__OXA-73	0	0	0	0	0	0	0	0	0	0	0	0	0	0	0	0	4.00E-05	0	0	0	0	0
beta_lactam__OXA-141	0	0	0	3.78E-05	0	0	5.31E-05	0	0	0	0	0	0	6.48E-05	0	7.86E-05	0	2.95E-05	3.06E-05	0	0	0
aminoglycoside__amrA	5.79E-05	6.90E-05	2.76E-05	8.68E-06	0	0	0	2.94E-05	8.64E-05	6.68E-06	1.46E-05	1.61E-05	0	7.29E-06	7.52E-06	2.71E-05	8.95E-06	0	0	0	0	0
quinolone__QnrS15	0	0	0.000114178	0	0	0	0.000250367	0	0	0	0	4.62E-05	5.54E-05	0	0	0	0	0.00010853	3.86E-05	0	0	0
aminoglycoside__AAC(3)-IIb	0	0	6.23E-05	0	0	0	5.32E-05	0	3.98E-05	0	6.62E-05	0	0	0	3.28E-05	0	4.06E-05	0.000296459	9.38E-05	3.43E-05	0	0
beta_lactam__OXA-392	0	0	0.000122125	0	0	0	0.000531126	0	0	0	3.26E-05	0	4.38E-05	0.000277201	0	0	3.96E-05	0.000472376	6.16E-05	0	0	0.000110504
beta_lactam__CMY-55	0	0	0	0	0	0	0	0	0	0	0	0	0	0	0	0	0	0	2.21E-05	0	0	0
beta_lactam__OXA-14	0	3.96E-05	0	0	0	0	0.000127822	0	0	0	2.57E-05	8.80E-05	3.52E-05	5.19E-05	3.25E-05	0	0	4.73E-05	4.91E-05	0	0.000128276	0.000144771
sulfonamide__sul2	0.006428714	0.009842112	0.010451203	0.00588538	0.004442535	0.001579059	0.059951673	0.004156496	0.003653364	0.001955077	0.006112106	0.011900756	0.015330753	0.013873628	0.002840942	0.007297238	0.012409557	0.012042304	0.009632923	0.001395549	0.001453269	0.001381293
beta_lactam__OXA-200	0	0	0	0	0	0	0	0	0	0	0	0	0	3.25E-05	0	0	0	0	0	0	0	0
trimethoprim__DfrA42_TMP	0	0	0	0	0	0	0.000116268	0	0	0	0	0	0	0	0	0	0	0	0	0	0	0
aminoglycoside__APH(2'')-IIa	2.72E-05	0	0.000169963	0	0	0	0.000217454	0	0	0	5.95E-05	0	0	0	0	0	0	2.71E-05	0	0	0	0
macrolide-lincosamide-streptogramin__vat(B)	0.009647053	0.000100447	0.000503069	0.000243131	0	0	0.002440881	0.002464566	0.000312083	8.58E-05	0.001833205	4.75E-05	0.00039644	0.000790344	0.004787019	0.000247767	0.000104183	0.004172184	0.003184166	0.005695951	4.02E-05	0
beta_lactam__PER-3	0	0	0.000220557	0	0	0	0.000260486	0	0	0	0	0	0	8.67E-05	0	0	0	7.95E-05	0.000379129	0	0	0
multidrug__abeS	0	0	0	0	0	0	0.000325614	0	0	0	0	0	0.000108536	0.000510171	0	0	0	0.000291437	7.72E-05	0	0	0
beta_lactam__CARB-2	0	0	8.94E-05	6.26E-05	0	0	0.000222653	3.23E-05	0	0	0.00015424	0	8.39E-05	6.25E-05	0	3.68E-05	3.80E-05	0.0001396	0.000147873	9.23E-05	0.000305547	0.000732743
aminoglycoside__aadA11	0.000253273	0	0.00017839	0	7.43E-05	0.000197791	0.001279511	3.38E-05	0	0	0.000146562	7.16E-05	0.000171913	0.000560058	3.14E-05	0.00011467	3.97E-05	0.000822547	0.000561003	0	3.91E-05	0
beta_lactam__OXA-58	0	0	0.000555189	0	0	0	0.00313549	0	0	0	6.64E-05	0.000119814	0.000230916	0.003412155	0	8.58E-05	0.000131027	0.001795476	0.000391351	0	0	0
macrolide-lincosamide-streptogramin__optrA	4.94E-05	0	0.000262051	0	0	0	0.000300528	1.33E-05	0	2.32E-05	5.85E-05	0	0	1.33E-05	0	0	0	0.000119984	6.48E-05	0	0	2.45E-05
beta_lactam__OKP-A-10	0	0	0	0	0	0	2.55E-05	0	0	0	0	0	0	0	0	0	0	0	0	0	0	0
chloramphenicol__cmx	8.27E-05	0.000107824	0.000283374	5.37E-05	0	5.16E-05	0.000390931	0.000349991	0	0.001455645	0.000587363	0.000743313	0.000154436	0.000653476	2.26E-05	0.00037423	0.000948886	0.001167469	0.000278885	0.000116114	0.000198648	0.000152067
beta_lactam__MIR-5	0	0	0	0	0	0	7.40E-05	0	0	0	0	0	0	0	0	0	0	2.13E-05	0	0	0	0
vancomycin__vanTG	0	0	0	0	0	0	4.13E-05	0	3.10E-05	0	0	0	0	0	0	0	0	5.67E-05	7.14E-05	2.54E-05	0	0
beta_lactam__LEN-17	0	0	0	0	0	0	0	0	0	0	0	3.59E-05	0	0	0	0	0	0	0	0	0	0
macrolide-lincosamide-streptogramin__cfr(B)	0	0	2.38E-05	0	0	0	2.14E-05	5.34E-05	0	0	0	0	0	0	0	0	0	4.69E-05	4.92E-05	0	0	0
beta_lactam__CfxA	0	0	0.000400094	0	0	0	0.000642031	2.90E-05	0	0	0.000139504	0	0.000150491	0.000137003	0	0	0	0.00015205	0.000375009	2.82E-05	0	0
beta_lactam__SHV-20	0	0	0	0	0	0	2.87E-05	0	0	0	0	0	0	0	0	0	0	0	3.24E-05	0	0	0
beta_lactam__SGM-6	0	0	0	0	0	0.166093034	0	0	0	0	0	3.15E-05	0	2.56E-05	0	0	0.000201884	9.95E-05	0	0	0	0.000838223
beta_lactam__CMY-72	0	0	0	0	0	0	0	0	0	0	2.31E-05	0	0	6.96E-05	0	0	0	0	0	0	0	3.96E-05
trimethoprim__dfrA14	0	0	0.00272495	0.000172259	0.000259805	0.000197079	0.016635108	0	0	6.12E-05	0.000111206	0	0.000648495	0.002416587	0	0.000133711	0.000352819	0.003324625	0.009775497	4.96E-05	0	0
fosfomycin__FosA4	0	0	0	0	0	0	0	0	0	0	0	0	0	0	0	0	0	5.99E-05	0.000182922	0	0	0
beta_lactam__ACT-12	0	0	2.18E-05	0	0	0	5.79E-05	0	0	0	0	0	0	0	0	0	0	0	8.83E-05	0	0	0
beta_lactam__OXA-333	0	0	0	0	0	0	0	0	0	0	0	0	0	3.25E-05	0	0	0	0	6.20E-05	0	0	0
beta_lactam__CMY-98	0	0	2.25E-05	0	0	0	1.94E-05	0	0	0	0	0	0	0	0	0	0	0	2.24E-05	0	0	0
trimethoprim__dfrA1	0	0	0.00069429	0	0	0	0.002085338	0	0	0	0.000286185	0.00039357	0.000905196	0.000771193	0	0	0.00014155	0.001005625	0.001555668	0	0	0.000536959
beta_lactam__CMY-77	0	0	0	0	0	0	0	0	0	0	0	0	0	0	0	0	0	0	4.42E-05	0	0	0
beta_lactam__MAB	0	0	0	0	0	0	0	0	0	0.032270392	0	3.41E-05	0	0	0	0	0	0	0.000204404	6.32E-05	0	0
beta_lactam__VHW-1	0	0	5.78E-05	0	0	0	0	0	0	0	8.93E-05	0	0	0	0	0	0	0	2.96E-05	0	0	0
beta_lactam__LUT-5	0	0	0	0	0	0	0	2.89E-05	0	0	0	0	0	0	0	0	0	0	0	0	0	0
beta_lactam__TEM-136	0	0	0	0	0	0	4.28E-05	0	0	0	0	0	4.05E-05	2.61E-05	0	0	0	0	0	0	0	0
beta_lactam__OXA-949	0	0	0	0	0	0	0	0	0	0	0	0	4.39E-05	3.30E-05	0	0	0	0	3.06E-05	0	0	0
chloramphenicol__Enterococcus-faecium-chloramphenicol-acetyltransferase	0	0	0	0	0	0	0	0	0	0	0	0	0	0	0	0	0	0	0	5.65E-05	0	0
macrolide-lincosamide-streptogramin__mph(I)	0	0	0	0	0	7.22E-05	0	0	0	0	0	0	0	0	0	0	0	0	0	0	0	0
beta_lactam__OXA-198	6.21E-05	8.05E-05	3.30E-05	0	0.000198313	0	2.85E-05	0.001519793	0.000980341	0.000840567	0.000563552	6.82E-05	9.31E-05	3.40E-05	0.000507207	0.000161734	0.000209475	0.000184396	6.42E-05	0	0.000167934	0.000713742
macrolide-lincosamide-streptogramin__carA	0	0	0	0	0	0	0	0	0	0.000150155	0	1.79E-05	0	0	0	0	0	0	0	0	0	0
beta_lactam__CTX-M-1	0	0	2.91E-05	0	0	0	0	0	0	0	0	0	0	0	0	0	0	0	0	0	0	0
beta_lactam__TEM-101	0	0	0	0	0	0	3.86E-05	0	0	0	0	0	0	0	0	0	0	0	0	0	0	0
chloramphenicol__Streptomyces-lividans-cmlR	0	0	0	0	0	0	0	0	2.73E-05	7.04E-05	4.50E-05	0	2.96E-05	4.59E-05	6.80E-05	2.59E-05	2.73E-05	0.0001224	4.34E-05	0	8.13E-05	3.85E-05
rifamycin__arr-4	8.85E-05	0.000232306	0.000188987	0.00028989	6.67E-05	0	0	0.0007818	0.000654932	0.000718108	0.000351292	0	0	5.33E-05	6.00E-05	0.000141248	6.10E-05	0	0	0	0	0
beta_lactam__blaZ	2.97E-05	0	2.52E-05	0	0	0	0	0	0	0	0	0	0	0	0	0	0.000160404	0	0	0	0	0
rifamycin__rphA	0.000401988	0.000721636	0.000290154	0.000608143	0.000494077	0.000359294	9.26E-05	0.000340139	0.000942313	0.000660989	0.000235978	0.000357603	0.00014788	0.000450012	0.000851823	0.000700116	0.001243683	0.000407986	0.000231082	0.000387885	0.000699922	0.000114325
beta_lactam__ORN-3	0	0	5.82E-05	0	0	0	7.02E-05	0	0	0	3.03E-05	0	0	0	0	0	0	0	0	0	0	0
beta_lactam__OXA-347	5.81E-05	0	0.001264859	0.000154054	0.00018652	0	0.003660659	0.000137346	0	0	0.00073381	0.000147675	0.001324085	0.002083237	0.000153121	0.001502208	0.000237756	0.002934649	0.001206448	0.000132691	8.03E-05	0.000222622
beta_lactam__CMY-27	0	0	4.50E-05	0	0	0	0	0	0	0	2.32E-05	0	0	2.39E-05	0	0	0	0	6.69E-05	0	0	0
beta_lactam__SIM-1	0	0	0	0	0	0	0	0	0	0	0	0	0	0	7.25E-05	0.000177636	0	0	0	0	0.000404253	0.000122728
beta_lactam__OKP-B-12	3.09E-05	0	0.000322046	3.95E-05	0	4.23E-05	0.000307891	0	0	0	3.35E-05	0	0	6.77E-05	0	0	0	0.00027743	0.00250141	0	0	0
aminoglycoside__AAC(6')-Ib4	3.43E-05	0	0.000117428	0	0	4.81E-05	0.000404423	0	0	0	4.01E-05	0	0.000261201	0.000239011	0	5.04E-05	0	0.000517935	0.000349979	0	0	0.000264541
polymyxin__mcr-3.12	0	0	0.000439323	0	0	2.10E-05	0.000493687	0	0	0	0	0	0.000220499	0.000395367	0	0	2.06E-05	0.000373412	0.000767834	0	0	0
beta_lactam__CTX-M-32	0	0	0	0	0	0	2.51E-05	0	0	0	0	0	0	0	0	0	0	0	0	0	0	0
beta_lactam__OKP-B-18	0	0	3.02E-05	3.41E-05	0	0	0	0	0	0	0	0	0	0	0	0	0	0	5.64E-05	0	0	0
beta_lactam__CFE-2	0	0	0	0	0	0	3.87E-05	0	0	0	0	0	0	0	0	0	0	0	0	0	0	0
beta_lactam__SHV-168	0	0	5.92E-05	0	0	0	0	0	0	0	0	0	0	0	0	0	0	0	2.94E-05	0	0	0
beta_lactam__DHA-19	0	0	0	0	0	0	0	0	0	0	0	0	0	0	0	0	0	2.14E-05	0	0	0	0
sulfonamide__sul1	0.023942685	0.017003861	0.049719522	0.050028991	0.018177034	0.049773577	0.199371793	0.013781077	0.018445429	0.01184646	0.030027233	0.01654392	0.047464621	0.090302217	0.01004366	0.024419214	0.019324941	0.127910247	0.116532401	0.01806339	0.047460888	0.029902848
beta_lactam__OXA-309	0	0	2.84E-05	0	0	0	4.74E-05	0	0	0	0	0	0	6.17E-05	0	0	0	0.000118956	0	0	0	0
aminoglycoside__aadA27	6.21E-05	0	0.000388591	0	0	0	0.002325681	0	0	0	0	0	0.000508926	0.002741869	0	0	0	0.000891038	0.000354588	0	0	0
beta_lactam__OKP-B-5	0	0	5.98E-05	0	0	0	0	0	0	0	2.52E-05	0	0	3.11E-05	0	0	0	5.73E-05	0.000118885	0	0	0
aminoglycoside__AAC(6')-Ii	0	0	0	0	0	0	4.01E-05	0	0	0	0	0	0	0	0	0	0	0.000134543	4.62E-05	0	0	0
polymyxin__mcr-5.1	1.18E-05	3.54E-05	0.000374779	3.14E-05	0	8.92E-05	0.002662728	0	1.75E-05	0	0.000273216	1.43E-05	0.000445623	0.000568439	0	3.95E-05	4.00E-05	0.000683281	0.000962842	9.31E-05	4.06E-05	0.000132916
beta_lactam__DES-1	0	0	0.00020593	0	0	0	0.000328169	0	0	0	0	0	3.73E-05	2.75E-05	0	0	0	5.06E-05	2.60E-05	2.79E-05	0	0
polymyxin__mcr-1.13	0	0	3.07E-05	0	0	0	4.08E-05	0	0	0	0	0	0	0	0	0	0	0	0	0	0	0
vancomycin__vanE	2.31E-05	0	2.41E-05	0	0	0	0	0	0	0	0	0	0	0	0	0	0	0	4.78E-05	0	0	0
aminoglycoside__APH(3')-IX	0	0	0	0	0	0	5.55E-05	0	0	0	0	0	0	0	0	0	0	0	0	0	0	0
beta_lactam__imiH	0	0	0	0	0	0	2.88E-05	0	0	0	0	0	4.85E-05	0	0	0	0	0	0	0	0	0
beta_lactam__OXA-464	0	0	0.005090639	0.000162649	0	4.39E-05	0.003467029	0	4.40E-05	0	0.002020206	3.82E-05	0.000624448	0.001414316	0	0	0	0.001917405	0.006458958	0	4.44E-05	0.000412793
beta_lactam__OKP-A-12	2.84E-05	0	0	0	0	0	2.55E-05	0	0	0	6.23E-05	0	0	3.11E-05	0	0	0	2.89E-05	0.000207749	0	0	0
aminoglycoside__ANT(3'')-IIb	0	0	3.22E-05	0	0	0	0.000908931	0	0	0	0	0	4.59E-05	0.000186565	0	0	0	3.15E-05	6.01E-05	0	0	0
beta_lactam__CTX-M-108	0	0	8.85E-05	0	0	0	9.98E-05	0	0	0	0	0	0	0	0	0	0	2.82E-05	2.93E-05	0	0	0
aminoglycoside__aadA7	3.13E-05	0	6.46E-05	0	0.000118123	0	0.000826664	8.75E-05	0	0	6.65E-05	7.67E-05	0.000134859	0.000535582	0.000458657	0.000324803	0.000249198	0.000612482	0.000127658	0.000371895	0.001268968	0.000740538
beta_lactam__FOX-10	0	0	0	0	0	0	7.61E-05	0	0	0	0	0	0	0	0	0	0	2.12E-05	2.20E-05	0	0	0
beta_lactam__TEM-177	0	0	0	0	0	0	2.55E-05	0	0	0	0	0	0	0	0	0	0	0	2.94E-05	0	0	0
beta_lactam__LEN-39	0	0	2.96E-05	0	0	0	2.61E-05	0	0	0	0	0	0	0	0	0	0	0	0	0	0	0
macrolide-lincosamide-streptogramin__vat(A)	0	0	0	0	0	0	0	0	0	0	0	0	0	0	0	0	7.13E-05	0	0	0	0	0
tetracycline__tet(50)	0	0	0	0	0	0	0	0	0	0	0	0	9.34E-05	0	2.27E-05	2.84E-05	0	0	0	0	0	0
chloramphenicol__catB2	0.000146147	4.71E-05	0.000278212	0.00014343	4.87E-05	0	0.000453059	0.000133045	0	9.14E-05	0.000164427	4.79E-05	0.000173701	0.000452589	4.29E-05	9.67E-05	5.21E-05	0.000389205	0.000282116	0	0.000143242	0.000133498
beta_lactam__FIM-1	0	0	0	0	0	0	0	0	0	0	0	0	0	0	0	0	0	0	6.42E-05	0	0	0
beta_lactam__OKP-A-6	0	0	2.96E-05	0	0	0	0	0	0	0	0	0	0	0	0	0	0	0	2.94E-05	0	0	0
beta_lactam__OXA-19	0	0	0	3.91E-05	0.000551571	4.18E-05	0.001261964	0	0	0	6.69E-05	0	0.00018346	0.000538351	0	0.000204106	0	0.000276789	0.000126533	3.33E-05	4.14E-05	0.000172567
chloramphenicol__Salmonella-enterica-cmlA	0.000271815	0.000243778	0.000480444	0.001392885	0	0.00011459	0.003291476	7.16E-05	8.45E-05	0.00033	4.57E-05	0	0.000343158	0.000575005	4.52E-05	0	5.66E-05	0.000673684	0.002123641	0	0	7.90E-05
beta_lactam__CMY-70	0	0	0	0	0	0	0	0	0	0	0	0	0	0	0	0	0	0	2.25E-05	0	0	0
multidrug__emrK	2.26E-05	8.71E-06	0.001800026	9.67E-06	3.55E-05	2.98E-05	0.001200042	0	9.02E-06	1.79E-05	0.000144699	1.83E-05	0.000150899	0.000308771	0	0	0	0.000801204	0.001276634	1.92E-05	6.49E-05	5.14E-05
beta_lactam__GES-9	0	0	0	0	0	0	0	0	0	0	6.20E-05	0	0	0	0	0	0	0	5.92E-05	0	0	0
beta_lactam__LEN-15	0	0	0	0	0	0	0	0	0	0	0	0	0	0	3.03E-05	0	0	2.97E-05	0	0	0	0
beta_lactam__CMY-19	0	0	0	0	0	0	5.74E-05	0	0	0	0	0	3.16E-05	2.33E-05	0	0	0	0	6.65E-05	0	0	0
beta_lactam__OCH-6	0	0	0	0	0	0	0	0	0	0	0	0	0	0	0	0	0	2.12E-05	0	0	0	0
beta_lactam__OXA-535	0	0	2.61E-05	0	0	0	0	0	0	0	0	0	0	0	0	0	0	0	3.18E-05	0	0	0
beta_lactam__CTX-M-63	0	0	0	0	0	0	2.52E-05	0	0	0	0	0	0	0	0	0	0	0	0	0	0	0
beta_lactam__OXY-1-6	0	0	0	0	0	0	0	0	0	0	0	0	0	0	0	0	0	2.84E-05	0	0	0	0
beta_lactam__OCH-8	2.08E-05	0	0	0	0	0	0	0	0	0	4.57E-05	0	0	0	0	0	0	0	4.32E-05	0	0	0
quinolone__QnrS5	7.46E-05	9.70E-05	0.017092924	0.000446049	4.79E-05	0.000186759	0.006612815	8.54E-05	0.000196198	0	0.002900903	0	0.000210068	0.00149855	0	0	5.01E-05	0.001408682	0.008704306	4.23E-05	0.000151372	0.000528446
tetracycline__tetB(48)	0.000208748	7.86E-05	0.000183059	0.000216811	0.008416361	0.012216611	0.000562386	0.000269317	8.14E-05	0.004089069	0.000686852	0.000543428	0.000800336	0.001285506	0.000253155	3.99E-05	0.004086589	0.001163044	0.000769268	0.000456279	0.000244364	0.000111406
beta_lactam__CfxA4	7.60E-05	0	0.000562178	3.24E-05	0	0	0.001770463	0	0	0	0.00010925	5.69E-05	0.000151259	0.00016531	0	0	0	0.000696339	0.000498585	5.63E-05	0	0
beta_lactam__LEN-21	0	0	0	0	0	0	0	0	0	0	0	0	0	2.61E-05	0	0	0	0	0	0	0	0
aminoglycoside__AAC(6')-Iu	0	0	0	0	0	0	0	0	0	0	0	0	0	0.000109535	0	0	0	0.000145053	0	0	0	0
beta_lactam__SHV-1	0	0	7.68E-05	0	0	0	1.90E-05	0	0	0	2.12E-05	0	0	0	0	0	0	0	0	0	0	0
macrolide-lincosamide-streptogramin__lnu(A)	5.05E-05	0	0	0	0	0	0.000224152	0	0	0	5.59E-05	0	0	0.000110617	0	0	0	0	0.000104527	0	0	0
beta_lactam__SGM-4	0	3.48E-05	0	0	0	0.000171792	0	0	0	2.85E-05	0	0	0.000656448	0	0	0	0.000480133	0	0	0	0	0
chloramphenicol__Pseudomonas-aeruginos-catB7	7.54E-05	4.91E-05	0	0	0	0	0.000174046	8.79E-05	0	0.000178163	0	0	0	4.32E-05	8.44E-05	0	0	7.44E-05	0	0	0.000103771	0
vancomycin__vanP	0	0	0	0	0	0	2.05E-05	0	0	0	0	0	0	0	0	0	0	0	0	0	0	0
multidrug__OpmB	0	0	3.70E-05	0	7.13E-06	1.43E-05	6.13E-05	0	0	0	3.55E-05	0	2.33E-05	3.99E-05	1.11E-05	0	0	7.94E-05	7.34E-05	0	0	0
beta_lactam__ACT-3	0	0	0	0	0	0	1.92E-05	0	0	0	0	0	0	2.34E-05	0	0	0	0	2.21E-05	0	0	0
aminoglycoside__AAC(6')-Ir	0	0	0	0	0	0	0.000300295	0	0	0	0	0	0	0.000121982	0	0	0	0.000113323	0	0	0	0
macrolide-lincosamide-streptogramin__erm(41)	0	0	0	0	0	0	0	0	0	0.03490711	0	0	0	0	0	0	0	0	0.000229072	0	0	0
beta_lactam__AQU-3	0	0	0	0	0	0	1.91E-05	0	0	0	0	0	0	0	0	0	0	2.12E-05	0	0	0	0
macrolide-lincosamide-streptogramin__lsa(C)	0.000115656	0	0.000169692	0	0	0	8.58E-05	1.89E-05	2.22E-05	9.83E-05	7.24E-05	0	0	0.000108963	0	0	0	0.000148974	0.000643263	2.33E-05	0	0
beta_lactam__DHA-20	0	0	0	0	0	0	9.68E-05	0	0	0	0	0	0	0	0	0	0	0	2.22E-05	0	0	0
beta_lactam__LRA-17	0	0	0	0	0	0	0	0	0	0	0	2.65E-05	0	0	0	0	6.75E-05	0	0	0	0	0
tetracycline__tet(S)	0.000707266	0	0.00031755	3.23E-05	0	0	0.003617423	0	0	2.97E-05	0.000213892	6.27E-05	0.000115351	0.000922856	0.000189818	6.76E-05	3.48E-05	0.001476446	0.001132603	5.68E-05	0	0
trimethoprim__dfrA21	0	0	0	0	0	0	0.000440147	0	0	0	0	0	0	0	0	0	0	0	0.000206068	0	0	0
beta_lactam__OXA-255	0	0	0	0	0	0	0.000132858	0	0	0	0	0	0	3.30E-05	0	0	0	5.96E-05	6.12E-05	0	0	0
beta_lactam__CMY-63	0	0	2.22E-05	0	0	0	0	0	0	0	2.31E-05	0	0	0	0	0	0	0	4.42E-05	2.37E-05	0	0
multidrug__oqxA	2.77E-05	0	0.00141731	4.43E-05	4.47E-05	0.000197071	0.002132767	0	0	1.67E-05	0.000141819	0	0.000206755	0.00064511	0	0	3.23E-05	0.001278334	0.004150925	7.71E-06	3.73E-05	0.000116085
aminoglycoside__AAC(6')-Iak	0	0	0	0	0	0	0	0	0	0	0	0	0	0	0	0	0	5.30E-05	0	0	0	0
vancomycin__vanG	2.14E-05	2.65E-05	0.000185731	0	0	0	0.000329017	0	0	2.52E-05	2.47E-05	0	3.32E-05	7.08E-05	2.42E-05	0	0	0.000180148	0.000216007	2.54E-05	2.89E-05	0
bacitracin__bacA	0.017254421	0.033731761	0.082776438	0.021292452	0.059517441	0.025077055	0.118091847	0.015410114	0.018196706	0.01669035	0.035988248	0.043671979	0.062854461	0.097590196	0.021383092	0.042787852	0.030053612	0.115248786	0.105870266	0.031139419	0.048147201	0.037052533
quinolone__QnrVC1	3.73E-05	0.000243712	0.003820221	0.001359284	4.88E-05	0	0.001875703	0	0.001557319	0.001849937	0.002255455	0	0.000220464	0.000448484	0	0	0	0.000409834	0.002742054	0.000124447	0.000762009	0.003460875
vancomycin__vanF	2.32E-05	0	0	0	0	0	0	0	0	2.80E-05	0.000300436	0	0	0	0	0	0	0	0	0	0	0
beta_lactam__OXA-359	0	0	0	0	0	0	2.68E-05	0	0	0	0	0	0	6.52E-05	0	0	0	2.97E-05	0	0	0	0
beta_lactam__OKP-B-9	0	0	0	0	0	0	2.61E-05	0	0	0	0	0	0	0	0	0	0	0	2.28E-05	0	0	0
beta_lactam__OXA-454	0	0	0	0	0	0	0	0	0	0	0	3.71E-05	0	0	0	0	0	0	0	0	0	5.79E-05
trimethoprim__dfrA17	0	0	0.00097902	0	0	0	0.001431307	0	0	0	0	0	7.06E-05	0.00023129	0	0	0	0.000644721	0.000634718	0	0	0
tetracycline__tet(X5)	3.98E-05	5.43E-05	0.000137214	0	0.00106746	0.000175987	0.000565756	2.40E-05	0	0	3.80E-05	0.00051402	0.00039765	0.000524575	6.40E-05	7.91E-05	0	0.000492516	0.000199606	0.000160772	0.000244733	0.000231055
macrolide-lincosamide-streptogramin__ere(B)	0.001366768	5.08E-05	0.000424089	5.01E-05	0	0	0.002027258	0.000332954	0.000129194	0	0.004543275	0	2.47E-05	0.000674431	0.00030985	0	5.22E-05	0.000892016	0.002605764	0.000346205	4.71E-05	7.21E-05
polymyxin__mcr-1.4	0	0	1.57E-05	0	0	0	5.13E-05	0	0	0	0	0	0	0	0	0	0	0	0	0	0	0
beta_lactam__CMY-75	0	0	0	0	0	0	1.92E-05	0	0	0	0	0	0	0	0	0	0	0	0	0	0	0
beta_lactam__LAP-2	0	0	5.94E-05	7.37E-05	0	0	0.00084714	0	0	0	6.18E-05	0	0	0	0	0	0	0.00014223	0.000148224	0	0	0
beta_lactam__blaF	0.00027593	0.000108558	0.000342179	0.000279212	0.000105023	0.000567916	0.000451435	0.000727935	0.000520064	0.009980575	0.001390499	0.002316052	0.004574804	0.001643184	0.002063608	0.000666148	0.001091884	0.000991963	0.001933304	0.000753709	0.000224484	0.00025568
vancomycin__vanYF	0	0	0	0	0	0.001213295	0	0	0	0	0	0	0	0	0	0	3.58E-05	0	0	0	0	0
beta_lactam__OXA-18	0	0	0	0	0	0	2.66E-05	0.000101598	0	0	0	0	0	9.78E-05	0	0	0	0	6.18E-05	0	0	0
beta_lactam__OXA-195	0	0	0	0	0	0	0	0	0	0	0	0	0	3.32E-05	0	0	0	0	0	0	0	0
beta_lactam__MIR-16	0	0	0	0	0	0	0	0	0	0	0	0	0	0	0	0	0	0	2.21E-05	0	0	0
aminoglycoside__AAC(6')-Ib8	0	0	0	0	0	0	9.41E-05	0	0	0	3.20E-05	7.49E-05	0	3.47E-05	0	0	0	0.000192659	2.90E-05	0	0	0
beta_lactam__CTX-M-10	0	0	0	0	0	0	0	0	0	0	0	0	0	0	0	0	0	2.84E-05	0	0	0	0
tetracycline__tet(40)	0.000968004	0.000371389	0.014338328	0.000630597	0.000101227	0.000192211	0.018602534	0.000285565	0.000161862	0.000242668	0.001885688	0.000297976	0.001217158	0.001916646	3.90E-05	5.33E-05	5.33E-05	0.010841956	0.004638213	0.000288196	2.76E-05	0
beta_lactam__BKC-1	5.25E-05	0	0.000218138	0	0	0	0.000117681	0	0	0	0.00010802	3.08E-05	0	8.48E-05	0	3.46E-05	0	0.000815628	0.000302298	0.000116157	0	0
beta_lactam__MSI-1	0	0	0	0	0	2.93E-05	0	0	0	0	0	0	0	0	0	0	0	0	0	0	0	0
beta_lactam__OXA-11	0	0	3.18E-05	0	0	0	7.01E-05	0	0	0	0	0	0	0	0	0	0	6.10E-05	0	0	4.22E-05	5.79E-05
beta_lactam__OXA-373	0	0	0.00065104	0	0	4.06E-05	0.002295123	0	0	0	0.000194282	0.000324586	0.000490235	0.003143094	0	0	0.000399788	0.006828191	0.000797196	0	0	0.000276591
aminoglycoside__AAC(2')-Ib	0.000660184	0.000419166	0.001070805	0.001795903	0.000426978	0.00102375	0.001452257	0.000908412	0.000551774	0.00976266	0.003477876	0.006979255	0.016795145	0.005785465	0.003934658	0.001865196	0.002809909	0.003733262	0.002863812	0.000664397	0.000419036	0.00114224
macrolide-lincosamide-streptogramin__erm(C)	0	0	0	0	0	0	0.000298252	0	0	0	0	0	0	0	0	0	0	0	0	0	0	0
multidrug__amrB	6.40E-05	0.000155828	0.000170352	8.12E-05	0.00038423	0.001178147	0.000597937	0.000107322	0.000109525	0.000163312	0.000163695	0.000361101	0.000533772	0.00080741	0.000128896	0.000244553	0.000342807	0.000788316	0.00037225	0.000160206	0.000308329	0.000536353
beta_lactam__TLA-2	0.002087898	0	0.000138169	0	6.93E-05	0	0.002663172	0.000120666	0	0	0.00154345	0	8.03E-05	0.000461493	0.000691238	2.90E-05	0	0.0014477	0.002566242	0	3.62E-05	0.000198626
beta_lactam__TLA-3	0	0	0	0	0	0	6.56E-05	0	0	0	0	0	0	0	0	3.21E-05	0	0.000132254	5.39E-05	0	0	0
beta_lactam__OXA-727	0	0	0	0	0	0	0	0	0	0	0	0	0	3.15E-05	0	0	0	0	0.000175971	0	0	0
beta_lactam__SHV-6	0	0	9.84E-05	0	0	4.28E-05	2.81E-05	0	0	0	0	0	0	3.42E-05	0	0	0	3.12E-05	0.000130113	0	0	0
aminoglycoside__ANT(6)-Ib	0.000224106	3.70E-05	0.002042704	0.000109406	0	0	0.002608395	9.60E-05	0	0	0.000557196	0	0.000125395	9.50E-05	0.000623595	0.000188176	3.91E-05	0.001090238	0.000963457	6.48E-05	0	0.000210787
multidrug__smeD	3.25E-05	0.000159253	0.000215809	0.000126358	0.000144	7.04E-05	7.72E-05	6.96E-05	9.63E-05	2.96E-05	8.85E-05	4.59E-05	4.91E-05	0.000100835	0.000133504	0.000124888	0.000114328	0.000132257	9.05E-05	0.000102817	0.000230775	0.000225972
multidrug__mdeA	0	0	5.65E-05	0	0	0	9.38E-05	0	0	0	0	0	0	0	0	0	0	5.37E-05	0	0	0	0
beta_lactam__OKP-B-8	0	0	0	0	0	0	0	0	0	0	0	0	0	0	0	0	0	0	0.00011108	0	0	0
beta_lactam__OXA-140	3.46E-05	0	7.21E-05	0	0	4.73E-05	0.000562236	0	0	0	3.75E-05	0	0	0.00011445	0	0	4.65E-05	0.000241489	0.001066144	0	0	0.000192709
beta_lactam__POM-2	0	0	0	0	0	0	0	0	0	0	0	0	0	0	0	0	0.000150553	0	0	0	0	0
quinolone__QnrB28	0	0	0	0	0	0	3.41E-05	0	0	0	0	0	0	0	0	0	0	0	0	0	0	0
beta_lactam__VEB-1	0.001245231	0.004267763	0.010619486	0.002654777	0.000944238	0.000255303	0.051409832	0.001193318	0.002739243	0.002206451	0.016900589	0.000644688	0.007891558	0.013751039	0.00121549	0.00062507	0.001193427	0.019584432	0.03705266	0.002421283	0.005446273	0.122132035
multidrug__efmA	7.56E-05	2.51E-05	0	0	0	0	0.000102785	0	0	0	0	0	0	4.20E-05	0	0	0	7.62E-05	0	0	0	0
beta_lactam__CMY-95	0	0	0	0	0	0	0	0	0	0	0	0	0	0	0	0	0	0	6.67E-05	0	0	0
beta_lactam__OXA-232	0	0	0	0	0	0	0	0	0	0	0	0	0	0	0	0	0	0	3.18E-05	0	0	0
beta_lactam__cphA8	0	0	0	0	0	4.38E-05	0.000144429	0	0	0	0	0	0	0	0	0	0	0	6.63E-05	0	0	0
beta_lactam__OXA-573	0	0	0	0	7.70E-05	0	0	0	0	0	0	0	0	0	3.19E-05	0	0	0	0	0	0	0
beta_lactam__SHV-123	0	0	6.31E-05	3.84E-05	0	0	0.000102352	0	0	0	0	0	4.46E-05	0	0	0	0	8.97E-05	0.000107723	0	0	0
beta_lactam__GES-19	2.83E-05	0	0.000177672	7.32E-05	0	0	0.000175626	0	0	0	6.14E-05	0	0	0.000157033	0	0	3.81E-05	0.000141815	0.001145817	9.58E-05	7.74E-05	0.001269862
multidrug__fexB	0	0	3.65E-05	0	0	0	3.12E-05	0	0	4.18E-05	0	4.34E-05	0	0	0	0	0	0	3.59E-05	0	0	0
multidrug__mefJ	0	0	0	0	0	0	9.17E-05	0	0	0	0	0	0	0	0	0	0	8.13E-05	0	0	0	0
trimethoprim__dfrA7	0	0	0	0	0	0	0.000240366	0	0	0	0	0	0	0.00010649	0	0	0	0	0.000202349	0	0	0
beta_lactam__LRA-10	0	0	0	0	0	0	0	0	0	0	0	0	0	0	0	0	0.000116012	0	0	0	0	0
beta_lactam__LUS-1	0	0	0	0	0.000135637	0	0	0	0	0	0	6.58E-05	0	0	0	0	0	0	0	0	0	0
beta_lactam__CTX-M-8	0	0	0.000117018	0	0	0	2.51E-05	0	0	0	0	0	0	0	0	0	0	2.84E-05	2.95E-05	0	0	0
multidrug__MuxB	0.000319387	0.000232215	0.001260411	0.000144867	0.001582476	0.000928802	0.003965633	0.000190854	0.000145805	0.001767113	0.00085122	0.001860512	0.002691366	0.004799203	0.001188811	0.002297986	0.00186123	0.004647761	0.00214673	0.000493621	0.001878086	0.001458842
beta_lactam__ACT-16	0	0	4.49E-05	0	0	2.92E-05	3.84E-05	0	0	0	0	0	0	0	0	0	0	0	0	0	0	0
beta_lactam__LMB-1	0	0	2.79E-05	0	0	0	0	0	0	0	0	0	0	0	0	0	0	0	0	0	0	0
beta_lactam__OXA-225	0	0	3.10E-05	0	0	0	5.35E-05	0	0	0	0	0	0	9.79E-05	0	0	0	2.97E-05	3.15E-05	0	0	0
beta_lactam__OXA-478	0	0	0	0	0	0	0	0	0	0	3.28E-05	0	0	0	0	0	0	0	3.13E-05	0	0	0
polymyxin__mcr-1.9	0	0	1.53E-05	0	0	0	4.05E-05	0	0	0	0	0	0	4.90E-05	0	0	0	2.97E-05	7.68E-05	0	0	0
defensin__Streptococcus-agalactiae-mprF	5.74E-05	0	0	0	0	0	4.33E-05	0	0	0	0	2.38E-05	0	0	0	0	0	9.57E-06	9.73E-06	0	0	0
multidrug__abeM	7.30E-05	2.35E-05	0.003208594	9.33E-05	9.27E-05	0.000268376	0.017992969	0	2.44E-05	4.42E-05	0.000570438	0.000291589	0.001037582	0.015553947	0	9.80E-05	0.002080602	0.011865228	0.006184712	6.06E-05	0	0.000168477
beta_lactam__OXA-415	0	0	0	0	0	0	2.39E-05	0	0	0	3.20E-05	0	0	6.08E-05	0	0	0	0	0	0	0	0
polymyxin__mcr-1.12	0	0	0	0	0	0	1.35E-05	0	0	0	0	0	0	0	0	0	0	0	0	0	0	0
multidrug__mexV	0	0	0	0	9.25E-06	9.45E-06	0	0	0	0	7.97E-06	0	2.05E-05	1.56E-05	0	0	0	3.53E-05	0	0	9.75E-06	0
beta_lactam__TEM-95	0	0	0	0	0	0	0	0	0	0	3.14E-05	0	0	0	0	0	0	0	0	0	0	0
quinolone__QnrB61	0	0	0	0	0	0	2.93E-05	0	0	0	0	0	0	0	0	0	0	0	0	0	0	0
aminoglycoside__AAC(6')-32	0	0	0.000138095	0	0	0.000120824	7.86E-05	0	0	0	0	0	0.000192887	9.78E-05	0	5.88E-05	4.73E-05	0.000471177	0.000126926	0	0	0
vancomycin__vanHD	0	0	0	0	0	0	0	0	0	0	0	0	7.48E-05	0	0	0	0	0	5.21E-05	0	0	0
beta_lactam__GES-6	2.89E-05	0	0.000112024	0	3.19E-05	0	0.000793433	2.91E-05	6.52E-05	0	0	0	0.000119369	0.000214654	0	0.000177636	7.62E-05	0.000315338	0.000383535	0	0	0.000193217
polymyxin__mcr-1.6	0	0	0	0	0	0	5.46E-05	0	0	0	1.66E-05	0	0	0	0	0	0	0	3.14E-05	0	0	0
beta_lactam__OXA-224	0	0	3.13E-05	0	0	0	0	0	0	0	0	0	0	0	0	0	0	0	3.11E-05	0	0	0
beta_lactam__VIM-20	3.06E-05	0	0.000287223	0	0	0	0	0	0	0	6.69E-05	0	0	0	0	0	0	0	9.49E-05	0	0	0
beta_lactam__CMY-90	0	0	0	0	0	0	0	0	0	0	0	0	0	2.34E-05	0	0	0	0	0	0	0	0
beta_lactam__OXA-568	0	0	3.07E-05	0	0	0	0	0	0	0	0	0	0	0	0	0	0	0	0	0	0	0
aminoglycoside__AAC(6')-Ia	0	0	0	0	0	0	0.000190236	0	0	0	0	0	6.53E-05	0.0001444	0	0	0	0.000176183	0.000260833	0	0	8.16E-05
beta_lactam__OXA-91	0	0	0	0	0	0	0	0	0	0	0	0	0	3.12E-05	0	0	0	2.84E-05	6.02E-05	0	0	0
multidrug__Escherichia-coli-emrE	0.000120652	0	0.00336539	0	0	0	0.002905711	0	0	0	0.000447754	0	0.000375082	0.000559791	0	0	0	0.000875481	0.003079151	0.000143301	0	0.000296751
beta_lactam__CTX-M-117	0	0	0	0	0	0	2.51E-05	0	0	0	0	0	0	0	0	0	0	0	0	0	0	0
chloramphenicol__catA8	0	0	0.000151146	0	0	0	0.000196985	0	0	0	0.000164786	0	0	0	0	0	0	0.000414783	0.000235704	3.79E-05	0	0
quinolone__QnrB2	0	0	0.000118736	0	0	0	3.41E-05	0	0	0	0	0	0	0	0	0	0	3.79E-05	0	0	0	0
beta_lactam__CTX-M-11	0	0	0	0	0	0	2.59E-05	0	0	0	0	0	0	0	0	0	0	0	0	0	0	0
beta_lactam__OXA-663	0	0	0	0	0	0	0	0	0	0	0	0	0	0	0	0	0	0	0	0	4.22E-05	0.000113501
multidrug__Escherichia-coli-mdfA	0.000177173	0	0.010676034	0.000355033	7.63E-05	0.000383175	0.011319846	4.59E-05	0.000108655	0.000168632	0.000473511	5.11E-05	0.000986444	0.002248124	2.20E-05	0	0.000243783	0.00538608	0.020555349	4.37E-05	0.000155479	0.0005667
vancomycin__vanYM	0	0	0	0	0	0.000422551	0	0	0	0	0	0	0	0	0	0	0	0	0	0	0	0
macrolide-lincosamide-streptogramin__LlmA-23S-ribosomal-RNA-methyltransferase	0.000747981	7.27E-05	0.001245509	0.000109383	0	0.001067872	0.002261309	9.67E-05	3.49E-05	0	0.000543914	0	3.86E-05	0.000272908	0.000228375	3.77E-05	0	0.001307469	0.000713817	0.000345317	0	9.23E-05
multidrug__mdtP	0	0	0.003043401	5.57E-05	0	4.62E-05	0.001658833	0	0	5.20E-05	0.000162706	6.88E-05	9.95E-05	0.000220358	0	0	2.99E-05	0.000816639	0.001451911	0	0	3.10E-05
beta_lactam__DIM-1	0	0	0	0	0	0	0	0	0	0	0	0	0	0	0	0	0	0	0	0	0	6.01E-05
beta_lactam__cphA7	0	0	3.35E-05	0	0	0	0.000109404	0	0	0	0	0	0.000143611	0.000100281	0	0	0	5.15E-05	0.000194162	0	0	0
multidrug__acrE	2.11E-05	0	0.002893613	2.70E-05	0	5.75E-05	0.001881439	0	0	3.39E-05	0.000129705	0	0.000124834	0.000431741	6.39E-06	0	1.89E-05	0.001267171	0.003394317	3.96E-05	3.60E-05	6.19E-05
beta_lactam__DHA-22	0	0	2.19E-05	0	0	0	5.74E-05	0	0	0	0	0	0	0	0	0	0	0	2.27E-05	0	0	0
beta_lactam__OXA-427	0	0	0.010756203	7.87E-05	0	0.000168422	0.012388745	0	0	7.49E-05	0.00016758	0	0.003677399	0.00576366	6.68E-05	4.10E-05	8.28E-05	0.006010147	0.019713023	0	0.000245742	0.000459776
beta_lactam__vim-48	2.93E-05	0	0.000121517	0	0	0	0	0	0	0	0	0	0	0	0	0	0	0	0	0	0	0
aminoglycoside__AAC(6')-Ib9	0.000120812	0	0.001228604	0.000160738	6.19E-05	0.000350832	0.007357941	5.41E-05	0	0	0.000314364	0.000223309	0.001035852	0.002296142	0.000104689	0	6.36E-05	0.004798422	0.003748899	4.55E-05	0.000247346	0.001022792
beta_lactam__VHH-1	0	0	0.00011605	0	0	0	0	0	0	0	6.04E-05	0	0	0	0	0	0	0	0.000142597	0	0	0
beta_lactam__SPM-1	0	7.64E-05	0	0.000215957	0	0	0	6.68E-05	0	0	6.39E-05	0	8.57E-05	0	0	0	0	0	0	0	0	0
defensin__Clostridium-perfringens-mprF	0	0	0	0	0	3.91E-05	0.000140477	0	0	0	0	0	0	0	3.10E-05	0	0	2.85E-05	4.47E-05	0	0	0
macrolide-lincosamide-streptogramin__VatI	0	0	0	5.05E-05	0	0	0	4.53E-05	0	0	0	0	0.00010915	0	0	0	0	0	0	0	0	0
beta_lactam__Burkholderia-pseudomallei-Omp38	0	0	0	0	0	0	0	0	0	0	0	0	3.16E-05	0	0	0	5.91E-05	0	0	0	0	0
beta_lactam__TEM-199	0	0	0	0	0	0	2.63E-05	0	0	0	0	0	0	0	0	0	0	0	0	0	0	0
beta_lactam__PEDO-2	2.79E-05	0	0	0	0	0	5.13E-05	0	0	0	0	0	0	0	0	0	0	2.84E-05	0	0	0	0
beta_lactam__GES-4	0	0	0	0	6.75E-05	0	0.000525318	0	0	0	8.58E-05	0	8.42E-05	0.000274808	2.95E-05	7.69E-05	0	0.000292278	0.000384133	0	3.29E-05	0.000147059
beta_lactam__SHV-188	0	0	2.98E-05	0	0	0	0	0	0	0	0	0	0	0	0	0	0	0	0	0	0	0
tetracycline__tetA(P)	0.000825534	5.07E-05	0.000336241	0.000244437	0.000199254	0.000289508	0.003760813	0.000167891	0.000195186	0.000855525	0.000378097	0.000329123	0.000718862	0.000714796	0.000628514	0.000406193	0.000365458	0.001809329	0.000966964	0.000304515	0.000157673	0.000567735
quinolone__QnrB55	0	0	0	0	0	0	0	0	0	0	0	0	0	0	0	0	0	3.79E-05	0	0	0	0
beta_lactam__MYO-1	0	3.64E-05	0	0.000102868	0	0	0	0	4.10E-05	0.00011044	3.04E-05	0	0	0	0	0.000150175	0	0	2.58E-05	0	6.92E-05	0
beta_lactam__LRA-12	0	0	0	0	7.05E-05	0	0	0	0	0	0	0	0	0	4.92E-05	0	0	0	0	0	0	0
vancomycin__vanYD	0	0	2.39E-05	0	0	0	0.000169061	0	0	0	0	0	0	0	0	0	0	0	0	0	0	0
beta_lactam__CTX-M-19	0	0	5.35E-05	0	0	0	5.02E-05	0	0	0	3.03E-05	0	0	0	0	0	0	0	5.72E-05	0	0	0
beta_lactam__OXA-665	0	0	3.10E-05	0	0	0	5.41E-05	0	0	0	0	0	0	0	0	0	0	0	0	0	0	0
chloramphenicol__cmlA6	0.000506005	0.000127314	0.000403462	0.001042854	0	2.65E-05	0.002801716	4.45E-05	5.32E-05	0.000116854	2.10E-05	2.35E-05	0.000261173	0.000591157	0	0	0.000126192	0.000617975	0.001617639	0	0	0.000108818
aminoglycoside__aacA43	0	0	0	0	0	0	0	0	0	0	0	0	0	0	0	0	0	4.25E-05	0	0	0	0
beta_lactam__CARB-6	0.000113478	0.00033161	0.000407526	0.000534705	0	0	0.000381099	0.00011945	3.79E-05	0.000306706	0.001233919	0	4.19E-05	0.000153964	0	3.75E-05	3.80E-05	0.000226347	0.000713128	0.000198653	0.000844931	0.003060406
beta_lactam__OXA-331	0	0	6.33E-05	0	0	0	0.000188456	0	0	0	0	0	0	3.26E-05	0	0	0	6.00E-05	0	0	0	0
rifamycin__arr-3	0	0.000305439	0.000395258	0.000277163	0.000880165	7.26E-05	0.001704012	0.000158387	0.000173758	0.000398357	0.000104309	0.003000153	0.000317121	0.00098981	0.000397344	0.001873005	0.000536926	0.000595625	0.000846022	6.03E-05	7.03E-05	0.000102691
aminoglycoside__AAC(6')-Iv	0	0	0.000114841	0	0	0	0.000150147	0	0	0	0	0	8.44E-05	0.00036719	0	0	0	0.000440826	0	0	0	0
multidrug__smeE	0.001350541	0.001059602	0.001474632	0.000694112	0.000782348	0.000948476	0.002174384	0.001548952	0.000839977	0.00047846	0.001370796	0.000795943	0.000885868	0.001874663	0.001228982	0.000814483	0.000819769	0.001969854	0.002222395	0.00130551	0.001184586	0.001359556
chloramphenicol__cmlA5	0.00545425	0.002196294	0.006668068	0.012980181	0.000462129	0.000827188	0.034377865	0.000143542	0.000120921	0.001150334	0.000544291	0.000278149	0.002532079	0.004930191	4.52E-05	0.000110655	0.000692645	0.007633644	0.016787329	0	0.000281053	0.00123846
beta_lactam__VEB-9	2.72E-05	0.000349142	0.000652004	0.000174635	7.13E-05	0	0.003270354	2.67E-05	0.000178934	6.56E-05	0.002241321	9.97E-05	0.000488948	0.001010543	0.000119241	3.62E-05	0.000110431	0.001497446	0.002011361	0.000183422	0.000478495	0.008291783
aminoglycoside__APH(6)-Ib	0	0	0	0	0	0	0	0	0	0	0.000104273	0	0	0	0	0	0	0	0	0	0	0
novobiocin__novA	0.000774101	0.001813059	0.001230818	0.001355381	0.001031658	0.003586278	0.000355507	0.002301812	0.002140031	0.002774371	0.002196793	0.002044424	0.001563977	0.002046366	0.003162051	0.003290016	0.005724451	0.001770983	0.001367296	0.001643731	0.000928722	0.00035502
multidrug__ceoB	3.09E-05	6.65E-05	0.00013817	2.95E-05	0.000265164	0.000224629	0.000675318	4.17E-05	2.36E-05	0.000120184	0.000124855	0.000257375	0.000444684	0.00100256	0.000152146	0.000281009	0.000442483	0.001173137	0.000145545	7.56E-05	0.000113317	4.67E-05
beta_lactam__OXA-278	0	0	3.01E-05	0	0	0	0	0	0	0	0	0	0	0	0	0	0	0	0	0	0	0
trimethoprim__dfrI	0	0.000207215	0.000123984	5.22E-05	0	0	0	0	0.00016445	4.81E-05	0	0	0.000219369	0	0	0	0	0	0	0	0	0
rifamycin__arr-5	0	0	0	5.66E-05	6.81E-05	0	0	0	0	0.000106584	0	5.61E-05	0	0	0	0	0	0	0	0	0	0
pleuromutilin_tiamulin__TaeA	0.000235276	0.000322647	0.001254522	0.000169561	0.000567848	0.000742175	0.001706203	0.000215876	0.000397404	0.000341093	0.000397707	0.000240263	0.000128178	0.000323352	0.00034846	0.000572866	0.000432083	0.000703424	0.000626736	0.000230409	0.000250119	2.19E-05
beta_lactam__TEM-12	0	0	8.94E-05	3.71E-05	0	0	7.66E-05	0	0	0	0	0	0	0	0	0	0	2.83E-05	5.88E-05	0	0	0
beta_lactam__SMB-1	0	0	0	0	0	0	0	0	0	0	0	0	0	0	0	0	3.90E-05	0	0	0	0	0
streptothricin__SAT-4	0	0	0.001102421	0	0	0	0.002713262	0.000104536	6.06E-05	0	4.20E-05	5.59E-05	0.000134188	0.001084309	0	0	0	0.001126908	0.001058005	9.95E-05	0	0
macrolide-lincosamide-streptogramin__mef(C)	0.001102174	0.000604072	0.003445604	0.001045459	2.62E-05	0.001110858	0.022482099	0.000615959	0.000821005	0.000459102	0.006857874	0.001213704	0.003542584	0.022990121	0.000245986	0.000204974	0.000529519	0.026284818	0.004588	0.00033374	0.000108657	0.00059041
tetracycline__tet(62)	0	0	0	0	0	0	0	0	0	0	0	0	0	0	0	0	0	5.99E-05	0	0	0	0
macrolide-lincosamide-streptogramin__lnu(F)	0.000746839	0.000232432	0.000343174	0.000225323	0	0	0.001439911	0.000988615	0.000161567	0.000180812	0.001921613	0.000146712	0.000176951	0.000295557	0.000389152	0.000118838	0.000160991	0.00034969	0.001386994	0.000809202	0.001246583	0.000601476
tetracycline__otr(C)	1.89E-05	0	1.97E-05	0	0	0	0	4.33E-05	0	4.90E-05	0	0	0	2.54E-05	0	0	0	0	0	0	0	0
macrolide-lincosamide-streptogramin__ere(D)	0.000135808	0.000156052	0.002760996	0.000154407	0.000102296	0.000437027	0.018100518	0	0	0	0.001206002	0.000318163	0.005259171	0.014224204	0.000127988	0.000239091	0.00018865	0.015202062	0.003905015	6.56E-05	0.00016231	0.000400193
multidrug__MexF	0.000411118	0.000994491	0.002420796	0.000891753	0.002254035	0.001536281	0.001385058	0.000744243	0.000725404	0.001807854	0.00257475	0.003053967	0.007238236	0.00294443	0.001566917	0.002517487	0.004232219	0.003320353	0.001908417	0.000939863	0.005039521	0.00380176
aminoglycoside__aadA16	2.89E-05	0	0.000675421	3.70E-05	0.000332676	0.000120289	0.002240072	0	0	0	0.000152322	0.000211975	0.000256115	0.000624083	0.000366539	0.000306309	0.00034378	0.001320667	0.001368284	0.000281101	0.000117434	0.000108538
beta_lactam__BJP-1	0	0.000106086	2.82E-05	0.000122651	0	0	0	0	0	9.86E-05	0	6.78E-05	0	0	0.000118819	0.000147133	3.72E-05	2.70E-05	0	0	0	0
chloramphenicol__Streptococcus-suis-chloramphenicol-acetyltransferase	0	0	3.92E-05	0	0	0	0	0	0	0	0	0	0	0	0	0	0	0	0	0	0	0
beta_lactam__OXA-237	0	0	0	0	0	0	0	0	0	0	0	0	0	6.45E-05	0	0	0	0	0	0	0	0
beta_lactam__Yrc-1	0	0	0	0	0	0	0.000741346	0	0	0	0	0	0	8.92E-05	0	0	0	0.000106269	4.39E-05	0	0	0
aminoglycoside__AAC(3)-IIIa	0	0	0	0	0	0	0	0	0	0	0	3.56E-05	4.46E-05	6.50E-05	0	0	3.87E-05	0	0	0	0	0
macrolide-lincosamide-streptogramin__mph(A)	7.97E-05	0.000351862	0.004193292	0.000172651	0.000871912	0.000533889	0.011935962	0	0.000216683	0.000513307	0.000784431	0.000699958	0.00335173	0.005121654	0.000515334	0.001308679	0.000216266	0.005264836	0.006225889	3.00E-05	0.000756287	0.000556355
beta_lactam__LEN-6	4.12E-05	6.17E-05	0.000480026	0	0	0	9.31E-05	4.72E-05	0.000136214	0	0.000449033	0	0	0	0	0	0	0.000103275	0.000669392	0	0	0
beta_lactam__AXC-1	0	0	0	0	0	0	0	0	0	0	0	0	0	2.81E-05	0	0	0	0	0	0	0	0
beta_lactam__ACT-22	0	0	0	0	2.74E-05	2.92E-05	5.79E-05	0	0	0	2.27E-05	0	0	0	0	0	0	2.08E-05	0.000132511	0	0	0
multidrug__emrA	0.00019601	8.82E-05	0.005057155	0.00014288	0.000286882	0.005023561	0.005635914	5.91E-05	9.78E-05	9.97E-05	0.00047469	0.000320597	0.001370288	0.001690108	5.14E-05	0.000258915	0.000573066	0.002744073	0.009541559	7.60E-05	0.000277128	0.000376722
aminoglycoside__ANT(9)-Ia	0	0	0	0	0	0	2.81E-05	0	0	0	0	0	0	0	4.29E-05	0	0	0	0	0	0	0
beta_lactam__TEM-208	0	0	0	0	0	0	0	0	0	0	0	0	0	0	0	0	0	2.83E-05	0	0	0	0
aminoglycoside__AAC(2')-Ie	0	0	0	0	0	0	0	0	0	0	0	0	6.64E-05	0	0	0	0	0	0	0	0	0
macrolide-lincosamide-streptogramin__erm(31)	0	0	5.31E-05	0	0	0	0	0	0	0	2.74E-05	0	3.83E-05	0	0	3.43E-05	0	5.14E-05	0	0	0	0
multidrug__opcM	0	0	0	0	0	6.78E-06	1.92E-05	0	0	0	0	0	7.95E-06	0	4.82E-06	0	9.32E-05	9.07E-06	0	0	0	0
beta_lactam__Bla1	0	0	0	0	0	0.000742421	0.000110139	0	0	0	0	0	0	0	0	0	6.91E-05	0	0	0	0	0
macrolide-lincosamide-streptogramin__mph(G)	0.000837948	0.000817959	0.003400629	0.000814549	3.55E-05	0.000671302	0.021331594	0.000412453	0.000728157	0.000366382	0.005785543	0.001424499	0.003116047	0.020150762	0.000505285	0.000257483	0.000641221	0.024392824	0.004361998	3.08E-05	0.000265715	0.000102691
beta_lactam__IMP-28	0	8.57E-05	0	0.000254365	0	0	0	0	8.87E-05	3.98E-05	0	8.35E-05	0	0	0	0	0	0	3.42E-05	0	0	6.14E-05
aminoglycoside__AAC(2')-Id	0	4.40E-05	3.70E-05	0.000134339	0	0	0	0	0	4.28E-05	0	0	5.40E-05	0	0	0	0	3.47E-05	0.000592036	0.000457872	0.000328174	0.001198551
beta_lactam__OXA-101	3.06E-05	0	0	0	0.000352237	0	0.00082692	0	0	0	0	0	0.000542969	0.000162598	0	0	8.22E-05	0.000240713	0.000253711	0	0	5.68E-05
beta_lactam__TEM-114	0	0	0	0	0	0	5.11E-05	0	0	0	3.08E-05	0	0	0	0	0	0	0	2.94E-05	0	0	0
tetracycline__tetX2	0.000501664	0.001109229	0.00345633	0.001155779	0.027821385	0.001366727	0.013457381	0.000297162	0.000249436	5.67E-05	0.000442232	0.011681608	0.006414409	0.016838031	0.001962745	0.003724468	0.000836045	0.016637613	0.003154891	0.002751956	0.005301362	0.004851585
beta_lactam__OXA-382	0	0	0	0	0	0	0	0	0	0	0	0	0	3.32E-05	0	0	0	0	0	0	0	0
polymyxin__ICR-Mo	0	0	0.001455718	0	6.02E-05	5.97E-05	0.012968935	6.87E-05	7.94E-05	1.75E-05	0.000251112	0.000319106	0.000131091	0.011755422	6.38E-05	0	0.000237795	0.008626622	0.00110152	0	1.97E-05	0
aminoglycoside__AAC(3)-IIa	0	0	0	0	0	3.89E-05	7.61E-05	0	0	0	0	0	4.22E-05	3.18E-05	0	0	7.72E-05	0.000170658	5.94E-05	0	0	0
beta_lactam__SHV-135	0	0	0	0	0	0	0	0	0	0	0	0	0	0	0	0	0	0	3.00E-05	0	0	0
polymyxin__mcr-10.1	0.000151431	0	0.000373287	0.000154659	0	0	0.001826861	0	0	0	4.94E-05	0	0.000291279	0.000557658	0	0	4.06E-05	0.000539022	0.002439168	0	2.04E-05	4.86E-05
beta_lactam__TEM-16	0	0	0	0	0	0	5.11E-05	0	0	0	0	0	0	0	0	0	0	0	0	0	0	0
aminoglycoside__APH(2'')-Ig	0	0	0	0	0	0	0	0	0	0	0	0	0	0	0	0	0	5.30E-05	0	0	0	0
beta_lactam__OXA-226	5.91E-05	0	3.08E-05	0	3.79E-05	0	0.000475034	0.000102289	0	0	9.68E-05	0	0.000132644	0.000276887	0	0	0	0.000173874	0.000487069	0	0.000160812	0.000108666
quinolone__QnrS10	0	0	0.000271174	0	0	0	0.000465163	0	0	0	4.04E-05	0	0	0	0	0	0	0	3.86E-05	0	0	0
aminoglycoside__AAC(6')-Il	0	0	5.57E-05	0	0	0	0	0	0	0	0	0	0	0	0	0	0	0	0	0	0	0
beta_lactam__VIM-32	0	0	3.25E-05	0	0	0	0	0	0	0	0	0	0	0	0	0	0	0	0	0	0	0
beta_lactam__CTX-M-94	0	0	0	0	0	0	2.41E-05	0	0	0	0	0	0	0	0	0	0	0	0	0	0	0
beta_lactam__CFE-1	0	0	2.22E-05	0	0	0	7.32E-05	0	0	0	2.31E-05	0	3.17E-05	0	0	0	0	0	0	0	0	0
aminoglycoside__npmA	0	0	0.000183114	0	0	0	0.000100779	0	0	0	0	0	0	0	0	0	0	0	7.76E-05	0	0	0
bleomycin__bleomycin-resistance-protein	0	0	0	0	0	0	0	0	0	0	0	0	0	0	0	0	0	6.70E-05	9.15E-05	0	0	0
beta_lactam__DHA-1	0	0	8.98E-05	0	0	0	1.93E-05	0	0	0	0	0	0	0	0	0	0	2.14E-05	2.22E-05	0	0	0
aminoglycoside__Other-streptomycin-resistance-protein	0	0	0	0	0	0	5.18E-05	0	0	0	0.000188133	0	0	0	0	0	0	5.75E-05	5.72E-05	0	0	0
beta_lactam__ADC-77	0	0	2.21E-05	0	0	0	1.91E-05	0	0	0	0	0	0	0	0	0	0	0	0	0	0	0
beta_lactam__OXA-542	0	0	3.08E-05	0	0	0	0	0	0	0	0	0	0	0	0	0	0	0	2.75E-05	0	0	0
beta_lactam__ACT-17	0	0	2.22E-05	0	0	2.92E-05	0.000115465	0	0	0	0	0	0	0	0	0	0	0	2.21E-05	0	0	0
beta_lactam__CMY-61	0	0	0	0	0	0	0	0	0	0	0	0	0	0	0	0	0	0	2.21E-05	0	0	0
beta_lactam__LRA-8	0	0	0	0	0	0	0	0	0	0	0	0	0	0	0	0	3.51E-05	0	0	0	0	0
beta_lactam__CTX-M-107	0	0	0	0	0	0	0	0	0	0	0	0	0	0	0	0	0	2.82E-05	0	0	0	0
beta_lactam__CARB-12	4.67E-05	7.39E-05	0.000192059	0.000249676	0	0	2.54E-05	2.64E-05	0	0.000102004	0.000637566	0	0	3.09E-05	3.06E-05	0	0	8.56E-05	0.000146084	0	0.000183952	0.000808692
macrolide-lincosamide-streptogramin__erm(50)	0.000185451	7.93E-05	0.000121589	3.79E-05	0.000276097	0	0.000582328	0.000244988	0.000162628	0.000107141	0.000737149	0.000525595	0.000135885	0.000711709	6.78E-05	8.31E-05	4.07E-05	0.000424638	0.000317328	0.000369109	3.93E-05	0
beta_lactam__OXA-247	0	0	0	0	0	0	0	0	0	0	0	0	0	0	0	0	0	0	3.29E-05	0	0	0
aminoglycoside__APH(2'')-Ie	2.70E-05	0	5.63E-05	0	0	0	0.000717885	0	0	0	0.000322641	0	7.86E-05	5.92E-05	0	0	0	0.000262194	0.000420465	0	0	0
aminoglycoside__APH(3')-IIb	0	0	0	0	0	0	5.45E-05	0	0	0	0	3.60E-05	0	0	0	0	0	0	0.00021978	0.000768519	0.000363529	5.63E-05
multidrug__pmrA	4.07E-05	3.01E-05	6.45E-05	0	0	0	0.000109508	0	0	0.000142092	0.000148	0	0.000612501	0	0	0	0	0.000102422	0.000105444	0.000147941	0.00012811	0.000698756
beta_lactam__AXC-2	0	0	0	0	0	0	0	0	0	0	0	0	0	0	0	0	0	0	0	2.85E-05	0	0
beta_lactam__LEN-20	0	0	0	0	0	0	2.35E-05	0	0	0	0	0	0	0	0	0	0	0	0	0	0	0
macrolide-lincosamide-streptogramin__RlmA(II)	0.000318263	0	0.000120752	0	0	0	0.000155472	0	0	0	0.000125635	0	0	0	0	0	0	0.000113821	0.000118745	3.21E-05	0	0
beta_lactam__TEM-75	0	0	6.56E-05	0	0	0	2.80E-05	0	0	0	0	0	0	0	0	0	0	3.17E-05	6.45E-05	0	0	0
multidrug__OprJ	5.64E-05	1.45E-05	0.000292859	1.47E-05	1.45E-05	1.50E-05	0.000230174	2.42E-05	0	0	9.58E-05	3.33E-05	4.88E-05	0.000138713	5.85E-06	2.93E-05	2.22E-05	0.000213157	0.000350842	3.17E-05	1.55E-05	0
beta_lactam__MOX-7	0	5.50E-05	0.005686565	0	7.78E-05	0.000230407	0.007109761	0	0	0	0.000115043	5.26E-05	0.002056037	0.003712845	0	0	0.000110093	0.004192875	0.011843957	0	0.000114879	0.000357944
polymyxin__mcr-3.10	0	0	0.000237075	0	1.93E-05	0	0.000234577	0	0	0	3.26E-05	0	0.000250112	0.000364799	0	0	2.02E-05	0.000256587	0.000548181	0	0	2.79E-05
multidrug__acrF	0.00083276	0.000587874	0.006840413	0.000491317	0.000244073	0.001653138	0.008666584	0.000853902	0.000550152	0.000492826	0.001508651	0.000238335	0.001036491	0.002358893	0.000387022	0.000196914	0.000411116	0.004263711	0.013453097	0.000594352	0.000915912	0.001959841
beta_lactam__PME-1	0	0	0	0	0	0	0	0	0	0	0	2.99E-05	0	0	0	0	0	0	0	0	0	0
other_peptide_antibiotics__viomycin-phosphotransferase	0	3.60E-05	0	0	0	0	0	0	0	6.48E-05	0	0	0	0	0	0	0	0	0	0	0	0
beta_lactam__CTX-M-22	0	0	2.91E-05	0	0	0	0	0	0	0	0	0	0	0	0	0	0	0	0	0	0	0
aminoglycoside__aad(6)	0.001132606	0	0.001142796	4.47E-05	0	0	0.003922468	0.000180579	0	0.000140393	0.001961415	3.50E-05	0.000211257	0.001391884	0.000219126	0.000180947	0	0.001942066	0.002121584	0.000281618	0	0
macrolide-lincosamide-streptogramin__mef(En2)	6.12E-05	7.62E-05	0.006851207	0.000234331	0	5.60E-05	0.016312362	0	0	9.22E-05	0.001601539	5.02E-05	0.001602343	0.001700355	4.36E-05	0	0.000109602	0.007758473	0.002502189	4.51E-05	0.000110282	0.000151348
quinolone__QnrB54	0	0	0.000119544	0	0	0	0	0	0	0	0	0	0	0	0	0	0	0	3.93E-05	0	0	0
beta_lactam__VEB-6	5.49E-05	0.000105751	0.000277491	0.000174516	0	0	0.000693759	0	0.000111011	0.000262672	0.00060148	0	0.000114578	0.000209686	0	0	0	0.000478647	0.000702399	3.02E-05	0	0.000199887
beta_lactam__TEM-1	0	0	0.000898732	0	0	4.41E-05	0.002005283	0	0	6.92E-05	0.000158602	0	0.000361582	0.000231023	3.09E-05	0	0	0.001113711	0.000970095	0	0	5.99E-05
beta_lactam__OKP-B-11	0	0	0	0	0	0	2.55E-05	0	0	0	0	0	0	0	0	0	0	0	2.94E-05	0	0	0
multidrug__oprA	4.29E-06	1.92E-05	3.08E-05	5.90E-06	3.09E-05	3.94E-05	0.000304431	1.25E-05	0	0	1.05E-05	9.43E-05	4.16E-05	0.000305823	2.64E-05	1.89E-05	1.97E-05	0.000372657	4.33E-05	0	7.03E-05	2.49E-05
aminoglycoside__APH(3')-IIa	0	0	9.76E-05	0	0.000154868	0	0	0	0	0	6.68E-05	0.000721221	0.000365033	0.000465333	0	0	0.000102254	0	0.000226362	0.00048935	0.00034778	0
tetracycline__tet(D)	0	0	0.000156517	0	0	0	6.73E-05	0	0	0.000184486	0	0	6.13E-05	0	0	0	2.72E-05	0	4.74E-05	0	0	0
polymyxin__mcr-3.3	0	0	0.001639868	1.92E-05	5.88E-05	2.06E-05	0.002222528	0	0	0	4.66E-05	1.86E-05	0.000640358	0.001561176	0	4.01E-05	7.68E-05	0.001733869	0.004226294	0	6.11E-05	0.000140344
vancomycin__vanHO	0	0	0	0	0	0	0	0	0	0	0	0	0	0	0	0	0.000558386	2.17E-05	0	0	0	0
multidrug__PmpM	0	0	0.000846511	0	4.37E-05	0.000116994	8.97E-05	1.51E-05	0.000113952	0.000103902	0.000713337	3.79E-05	0.003791045	0.000337549	0	0	0.000168845	0.000571969	0.000473048	0	2.35E-05	0.000176964
beta_lactam__NPS-1	0.001517955	0.018204756	0.016968898	0.010137443	0.000238333	0.000194571	0.001246922	0.005839374	0.019333526	0.003379678	0.007337571	0	0.000641762	0.002908343	0	0.000281817	0.000121847	0.001096434	0.003664966	9.94E-05	0.000417021	0.001231107
beta_lactam__OXA-837	0	0	0	0	0	0	0	0	0	0	2.51E-05	0	0	0	0	0	0	0	0	0	0	0
beta_lactam__OXA-33	0	0	6.68E-05	0	0	0	0.000367572	0	0	0	0	3.93E-05	0	0.000174629	0	0.00012673	4.27E-05	0.000287601	0.000297161	0	0	0.000120341
vancomycin__vanHB	0	0	0	5.38E-05	0	0	0	0	0	0	0	0	0	0	0	0	0	0	0	0	0	0
trimethoprim__dfrB4	0	0.000135126	0.000108587	0.000938199	0.000120122	0	0.000812545	0	0	0.001350231	0	0.000355493	0.000297024	0	0	0.000277289	0.000388994	0.000103937	0.000741932	0	0.000368383	0.043126269
multidrug__qacEdelta1	0.008965638	0.005184802	0.013091776	0.018507455	0.003242291	0.002108752	0.064076146	0.0021436	0.00392262	0.003374765	0.007664415	0.003522097	0.01331779	0.027014222	0.002063705	0.004237435	0.00393043	0.036672659	0.038221065	0.003049165	0.016744524	0.01006729
multidrug__OprM	0.000183179	0.000518934	0.001950258	0.000257856	0.000433882	0.000587271	0.004636185	9.83E-05	0.000124294	9.63E-05	0.000685592	0.00014318	0.001800939	0.004797109	0.000147277	0.000221867	0.000935543	0.004046528	0.002201369	0.000138999	0.000328198	0.00035659
beta_lactam__ACT-20	0	0	0	0	0	0	1.96E-05	0	0	0	0	0	0	0	0	0	0	0	0	0	0	0
beta_lactam__OKP-B-6	0	0	0.000142634	0	0	3.89E-05	0.000151733	0	0	0	0	0	0	5.72E-05	0	0	0	5.73E-05	0.000694097	0	0	0
aminoglycoside__AAC(6')-Ib	4.42E-05	0	0.000956331	5.65E-05	0.000277752	0.000173839	0.004084752	5.06E-05	0	0	4.79E-05	5.36E-05	0.00060947	0.00139555	0	0.000177519	0.000178237	0.001672498	0.001279523	4.51E-05	0	0.000490573
beta_lactam__CARB-18	0	0	0.000476416	3.45E-05	0	0	0	0	0.000110202	0	6.23E-05	0	0	0	0	0	0	0	0.000207524	0	0	0
beta_lactam__CfxA3	0	0	0.001472755	6.48E-05	2.59E-05	0	0.004143469	0	0	0	0.000165836	0	0.000376995	0.000336281	0	0	0	0.001312787	0.000914251	0.000112688	0	9.50E-05
beta_lactam__FOX-7	0	0	0	0	0	0	7.07E-05	0	0	0	0	0	0	1.80E-05	0	0	2.77E-05	4.24E-05	9.68E-05	0	0	0
beta_lactam__LUT-3	0	0	0	7.09E-05	0	0	0	0	0	0	0	0	0	0	0	0	3.47E-05	2.68E-05	0	0	0	0
beta_lactam__MOX-9	0	0	6.68E-05	0	0	0	9.46E-05	0	0	0	0	0	0	0	0	0	0	0	0.000198176	0	0	0
macrolide-lincosamide-streptogramin__cfr(A)	0	0	0	0	0	0	3.93E-05	0	0	0	0	0	0	0	0	0	0	0	0	0	0	0
beta_lactam__OXA-182	0	0	0	0	0	0	0	0	0	0	0	0	0	3.24E-05	0	0	0	0	0	0	0	0
beta_lactam__VEB-5	0	3.60E-05	5.78E-05	0.000105703	0	0	0.000168078	3.18E-05	3.43E-05	9.83E-05	0.000149167	0	3.13E-05	2.98E-05	0	0	0	0.000109563	0.000543311	0	3.68E-05	0
macrolide-lincosamide-streptogramin__ole(B)	0	0	0	0	0	0	0	0	0	3.34E-05	0	0	0	0	0	0	5.80E-05	0	0	0	0	0
multidrug__mtrC	6.44E-06	0	0.000286691	2.56E-05	0	0	0.000252042	0	8.83E-06	0	0.000220292	0	0	4.26E-05	0	0	0	6.48E-05	5.42E-05	0	0	3.71E-05
rifamycin__iri	0.00019725	4.08E-05	4.80E-05	0.0001047	0.000231449	0.000207763	0.000178974	0.000288432	0.000175516	0.001982325	0.002670694	0.000986374	0.002655547	0.000997748	0.001058308	0.000466941	0.001194301	0.000286555	0.000320837	5.60E-05	8.41E-05	0.000177674
beta_lactam__OKP-A-11	0	0	0	0	0	0	0	0	0	0	0	0	0	0	0	0	0	0	3.00E-05	0	0	0
beta_lactam__SHV-121	0	0	0	0	0	0	2.55E-05	0	0	0	0	0	0	0	0	0	0	0	0	0	0	0
beta_lactam__OXA-830	0	0	0	0	0	0	0	0	0	0	0.000160236	0	0	0	0	0	0	0	0.000178824	0	0	0
beta_lactam__SGM-3	0	0	0	0	0	3.67E-05	0	0	0	0	0	0	0	0	0	0	0.000274362	0	0	0	0	0
streptothricin__SAT-2	0	0	0	0	0	0	0.00046709	0	0	0	0	0	0	9.30E-05	0	0	0	4.66E-05	0.000233899	0	0	0
beta_lactam__TEM-159	0	0	0	0	0	0	0	0	0	0	0	0	0	0	0	0	0	0	3.00E-05	0	0	5.28E-05
trimethoprim__dfrA10	0	0	4.62E-05	0	0	0.000240198	0.000921869	0	0	0	9.42E-05	0	0.00042967	0.000333329	0	0	0	8.76E-05	0.002088225	0	0	0
beta_lactam__ADC-5	0	0	2.21E-05	0	0	0	3.58E-05	0	0	0	0	0	0	0	0	0	0	0	0	0	0	0
beta_lactam__CTX-M-109	0	0	2.94E-05	0	0	0	1.97E-05	0	0	0	0	0	7.36E-05	0	0	0	0	0	0	0	0	0
polymyxin__mcr-1.10	0	0	4.66E-05	0	0	0	4.05E-05	0	0	0	2.59E-05	0	0	0	0	0	0	0	1.46E-05	0	0	0
beta_lactam__KPC-13	0	0	0	0	0	0	0	0	0	0	3.01E-05	0	0	0	0	0	0	0	0	0	0	0
beta_lactam__MOX-3	0	0	0.000285978	0	0	0	0.001100096	0	0	0	0	0	0.000127105	0.000508552	0	0	0	0.000231719	0.000486848	0	0	0.000152424
macrolide-lincosamide-streptogramin__lsa(A)	9.73E-05	0	0.000222107	0	0	0	0.000103011	0	0	0	0.000201149	2.06E-05	4.85E-05	3.58E-05	0	0	0	6.54E-05	4.90E-05	0	0	0
multidrug__efrB	0.001250871	0.00090882	0.001932187	0.000675895	0.000131178	0.000114053	0.002203314	0.00128215	0.00111783	0.000417631	0.001894307	0.00041675	0.000218893	0.000895586	0.000992846	0.000314893	0.000200913	0.001670282	0.001311404	0.001815468	0.002153058	0.00023914
macrolide-lincosamide-streptogramin__ere(A)	0.003149111	0.003954852	0.004221133	0.003451	0.000240877	0.000261496	0.018206778	0.003205693	0.003536155	0.000586567	0.010361683	0.001047434	0.003648101	0.008844156	0.00072137	0.000919225	0.000706415	0.014772822	0.017146584	0.002995651	0.001752332	0.001011102
beta_lactam__TEM-149	0	0	0	0	0	0	2.55E-05	0	0	0	0	0	0	0	0	0	0	0	0	0	0	0
polymyxin__mcr-3.6	0	0	0.000425412	0	0	2.06E-05	0.000494048	0	0	0	0	0	0.000402563	0.000347638	0	0	4.09E-05	0.000557326	0.001171533	0	0	2.80E-05
aminoglycoside__AAC(6')-31	0	0	0	0.000174555	0	0.000113427	0	0	0	0	0	0.000158512	0	9.68E-05	0	0	0.000225524	0.000283246	0	0	0	0
beta_lactam__SHV-21	0	0	3.26E-05	0	0	0	0	0	0	0	0	0	0	0	0	0	0	0	0	0	0	0
macrolide-lincosamide-streptogramin__poxtA	0	0	6.19E-05	0	0	0	0.000100701	3.30E-05	0	0	0	0	0	1.64E-05	1.56E-05	0	0	6.04E-05	1.58E-05	0	0	0
beta_lactam__TEM-185	0	0	0	0	0	0	6.83E-05	0	0	0	0	0	0	0	0	0	0	2.78E-05	0	0	0	0
beta_lactam__VEB-8	2.72E-05	0.000176251	0.000311599	3.48E-05	3.49E-05	0	0.000871813	0	3.65E-05	3.28E-05	0.000411412	0	0.000161564	0.00023886	3.01E-05	3.54E-05	3.73E-05	0.000436039	0.000840237	0	7.36E-05	0.002353307
multidrug__ParS	0	0	4.00E-05	0	0	0	0	0	0	0	0	4.75E-05	0.000372004	0	0	0	0	0	0	0	0	0
pleuromutilin_tiamulin__msr(I)	5.03E-05	0	0	0	0	0	0	0	0	0	0	0	0	3.67E-05	0	0	0	0	0	3.77E-05	0	0
beta_lactam__CMY-66	0	0	0	0	0	0	0	0	0	0	0	0	0	0	0	0	0	0	2.21E-05	0	0	4.04E-05
multidrug__mdtN	2.40E-05	0	0.002115525	5.28E-05	0	2.16E-05	0.001467952	0	0	3.82E-05	7.75E-05	0	0.000154779	0.000116303	0	0	2.92E-05	0.000811673	0.001496344	0	0	4.55E-05
beta_lactam__PLA-6	0	0	0	0	0	0	0	0	0	0	0	0	4.23E-05	0	0	0	0	0	2.71E-05	0	0	0
quinolone__QnrB5	0	0	0	0	0	0	0	0	0	0	0	0	0	0	0	0	0	3.44E-05	0	0	0	0
beta_lactam__LAP-1	0	0	5.94E-05	0	0	0	0.000283078	0	0	0	0	0	0	0	0	0	0	2.84E-05	5.90E-05	0	0	0
beta_lactam__OXA-299	0	0	3.06E-05	0	3.77E-05	0	0.000467297	0	0	0	0	0	0	0.000194193	0	0	0	0.00045753	0	0	0	0
multidrug__abcA	0	0	5.83E-06	7.16E-06	0	0	4.31E-06	0	0	0	0	0	0	1.80E-05	0	0	3.66E-05	0	1.73E-05	0	0	1.04E-05
beta_lactam__CMY-35	0	0	0	0	0	0	0	0	0	0	0	0	0	0	0	0	0	0	4.46E-05	2.37E-05	0	0
quinolone__QnrS2	0.000532696	0.000471637	0.071781787	0.001146197	0.000384861	0.000155051	0.020510964	0.000257198	0.000452685	0.000167759	0.014711606	0	0.001481063	0.004282272	0	0	9.01E-05	0.005532755	0.03558684	0.000292071	0.000550912	0.002112702
beta_lactam__IDC-1	0	0	0	0	0	8.10E-05	0.002487571	0	0	0	0	0	0	0.000180808	2.10E-05	5.53E-05	7.62E-05	0.000595206	0	9.16E-05	8.41E-05	7.64E-05
macrolide-lincosamide-streptogramin__erm(O)	0	0	0	0	0	0	0	0	0	0.000488082	0	0	0	0	0	0	0	0	0	0	0	0
aminoglycoside__AAC(6')-Iq	0	0	0	0	0	0	0	0	0	0	0	0	0	4.47E-05	0	0	0	0	0	0	0	0
beta_lactam__OXA-329	0	0	0	0	0	0	2.68E-05	0	0	0	0	0	0	0	0	0	0	0	0	0	0	0
beta_lactam__CTX-M-6	0	0	0	0	0	0	2.46E-05	0	0	0	0	0	0	0	0	0	0	0	0	0	0	0
polymyxin__mcr-7.1	0	0	0.000592641	0	0	0.000124159	0.001524183	0	1.61E-05	0	9.74E-05	0	0.000344322	0.000442013	0	0	2.03E-05	0.000709691	0.001906795	0	0	0.000393808
vancomycin__vanO	0	0	0	0	8.74E-05	2.88E-05	0	0	0	0	4.83E-05	0	0	0	0	0	0.000337873	0	0	2.61E-05	0	0
beta_lactam__OXA-3	0	3.68E-05	0.000184796	0	0.00022843	0.000199631	0.000811787	3.39E-05	0	0	0.000224967	7.39E-05	0.000704447	0.001371218	8.45E-05	3.93E-05	3.98E-05	0.000699709	0.000350315	0	0	5.49E-05
beta_lactam__ADC-8	0	0	0.000128007	2.62E-05	0	0	0.000686655	0	0	0	0	0	9.00E-05	0.0006111	0	0	5.45E-05	0.000669724	0.00010165	0	0	0
beta_lactam__LEN-26	0	0	0	0	3.65E-05	0	2.50E-05	0	0	0	0	0	0	0	0	0	0	0	7.75E-05	0	0	0
beta_lactam__SHV-39	0	0	0.000625912	0.000218813	0	0	0.000230753	0	0	0	0	0	0.000129719	0.000191292	0	0	0	0.000515512	0.000690507	0	0	0
trimethoprim__DfrA36	0	0	0	0	0	0	0	0	0	0.000149627	4.61E-05	0	0	3.82E-05	0	0	0	4.07E-05	0	0	5.76E-05	0.000309653
beta_lactam__Sed1-beta-lactamase	0	0	0	3.32E-05	0	0	0.000292695	0	0	0	0	0	0	0	0	0	0	2.75E-05	5.36E-05	0	0	0
beta_lactam__SPU-1	0	0	0	0	0	0	0	0	0	0	0	0	0	5.95E-05	0	0	7.31E-05	0	0	0	0	0
beta_lactam__LEN-12	0	0	0	0	0	0	0	0	0	0	0	3.59E-05	0	0	0	0	0	0	2.94E-05	0	0	0
beta_lactam__CTX-M-77	0	0	2.97E-05	0	0	0	0	0	0	0	0	0	0	0	0	0	0	0	2.89E-05	0	0	0
beta_lactam__OXA-368	0	0	0	0	0	0	2.75E-05	0	0	0	0	0	0	0	0	0	0	2.99E-05	3.16E-05	0	0	0
multidrug__MexE	8.67E-05	1.72E-05	0.001383118	5.84E-05	7.75E-05	0.000157356	0.001976882	9.26E-05	1.84E-05	0.000180229	0.000734207	4.15E-05	0.001912239	0.000691005	7.11E-06	4.42E-05	0.000274486	0.001579514	0.003619581	4.46E-05	6.11E-05	0.000191773
tetracycline__tetA(46)	4.26E-05	0	0.000221036	0	9.27E-06	0	0.000232522	1.62E-05	0	0	4.64E-05	0	3.20E-05	1.55E-05	0	9.42E-06	0	0.000217912	2.96E-05	3.99E-05	0	0
quinolone__QnrS4	0	0	7.77E-05	0	0	0	0	0	0	0	6.85E-05	0	0	0	0	0	0	0	3.86E-05	0	0	0
macrolide-lincosamide-streptogramin__vat(C)	0	0	0	0	0	0	0	0	0	0	0	0	0	0	4.16E-05	0	0	0	0	0	0	0
tetracycline__tetX6	4.25E-05	0.000165503	0.000154493	2.69E-05	0.001547975	5.82E-05	0.000789672	0	2.83E-05	0	4.57E-05	0.000729529	0.000378001	0.001064473	2.29E-05	0.000168098	5.72E-05	0.001175305	0.000261588	0.000187902	0.000311137	0.000315256
beta_lactam__OXA-46	0.000122863	8.01E-05	0.000217042	7.81E-05	0	4.18E-05	0.000109882	0.000177203	8.29E-05	0.000181062	0.000227845	3.78E-05	3.98E-05	9.50E-05	0.000132003	0.000774108	0	0.000276167	0.000159457	0.000101991	0.000124901	0
tetracycline__tet(47)	0	0	0	0	0	0	1.76E-05	6.27E-05	5.26E-05	7.08E-05	6.15E-05	0	0	0	8.63E-05	0	0.000151063	0	0	4.36E-05	0	0
aminoglycoside__AAC(6')-Iad	0	0	0	0	0	0	0	0	0	0	0	0	0	0	0.000122544	0	0	0	0	0.0001884	0	0
macrolide-lincosamide-streptogramin__LpeB	1.20E-05	1.04E-05	4.18E-06	2.03E-05	7.41E-05	1.49E-05	1.69E-05	1.36E-05	5.49E-06	2.88E-05	4.50E-05	3.95E-05	3.24E-05	3.06E-05	2.21E-05	1.41E-05	4.68E-05	2.34E-05	4.23E-06	9.01E-06	2.19E-05	5.20E-05
macrolide-lincosamide-streptogramin__Erm(52)	0	2.71E-05	0.000522476	0	0	0	0.00081609	0	6.20E-05	0	0.000247938	0	3.59E-05	5.76E-05	0	0	0	9.85E-05	0.000191174	8.48E-05	0	0
aminoglycoside__APH(6)-Ic	9.04E-05	0	0.000127366	3.99E-05	0	0	2.80E-05	0	0	3.08E-05	0.000165224	0.000205396	0	6.15E-05	0.000145541	0.000189171	0.000245745	2.92E-05	0.000117084	0.000204675	0.000118149	0
aminoglycoside__APH(3')-IIIa	0.000432454	7.98E-05	0.003064926	0.000158282	0	0	0.005038722	0.000213103	0	0	0.000662922	0	0.000182983	0.001208291	0	8.19E-05	0	0.003064835	0.001915092	0	0	0
beta_lactam__OXA-266	0	0	6.18E-05	0	0	0	7.38E-05	0	0	0	0	0	0	5.64E-05	0	0	0	0	7.91E-05	0	0	0
beta_lactam__SHV-51	0	0	0	0	0	0	0	0	0	0	0	0	0	0	0	0	0	2.83E-05	2.94E-05	0	0	0
macrolide-lincosamide-streptogramin__cfr(E)	0.000751358	0	0.000364801	0	0	0	0.000329464	0.000760259	0	0	0.000353411	0	3.51E-05	4.60E-05	0	0	0	0.000179399	0.000220145	0	0	0
macrolide-lincosamide-streptogramin__vmlR	0	0	0	0	0	0.000232245	0	0	0	0	0	0	0	0	1.32E-05	0	0	0	0	0	0	0
beta_lactam__CARB-14	0	0	0.000312064	0	0	0	0.001803022	0	0	0	0.00019493	0.000201261	0	0.002239276	0	0	3.67E-05	0.000933856	0.000169418	0	0	0
trimethoprim__dfrA19	0	0	0	0	0	0	0.000115987	0	0	0	0	0	0	0	0	0	0.000234904	0	0.000177175	0	0	0.000159742
beta_lactam__CTX-M-52	0	0	2.91E-05	0	0	0	0	0	0	0	0	0	0	0	0	0	0	0	0	0	0	0
beta_lactam__CMY-14	0	0	2.27E-05	0	0	0	0	0	0	0	0	0	0	0	0	0	0	0	0	0	0	0
beta_lactam__GES-8	0	0	2.89E-05	0	0	0	0	0	0	0	0	0	0	0	0	0	0	0	2.93E-05	0	0	0
quinolone__QnrS7	0	0	0.000193469	0	0	0	0.000235318	0	0	0	3.96E-05	0	0	0	0	0	0	3.72E-05	0.000144941	0	0	6.92E-05
beta_lactam__MIR-12	0	0	2.22E-05	2.78E-05	0	0	5.79E-05	0	0	0	0	0	0	0	0	0	0	6.38E-05	0	0	0	0
beta_lactam__TEM-42	0	0	0	0	0	0	0	0	0	0	0	0	3.51E-05	0	0	0	0	0	0	0	0	0
polymyxin__mcr-1.7	0	0	3.13E-05	0	0	0	2.65E-05	0	0	0	0	0	0	1.65E-05	0	0	0	0	0	0	0	0
aminoglycoside__APH(3')-VI	0	0	3.27E-05	0	0	0	0.000141641	0	0	0	0	0	0	0.000138927	0	0	0	0.000245302	0	0	0	0
aminoglycoside__aadA17	0.00049706	0.000467818	0.001355881	0.00019921	0.000272049	8.45E-05	0.005030588	0.000107679	0.000125359	0	0.000945711	0.000194462	0.001383214	0.002419812	3.35E-05	0.000207273	0.000251093	0.002595007	0.00365646	0.000411915	0.00082709	0.000630203
multidrug__mexK	0.000247631	0.000747702	0.002335181	0.000816382	0.001651331	0.001149834	0.00450011	0.000189199	0.000420684	0.000509847	0.001426341	0.001871142	0.004822337	0.004272995	0.000529655	0.001194147	0.00213907	0.004286186	0.002094407	0.000615362	0.001305363	0.00374767
beta_lactam__TEM-144	0	0	0	0	0	0	2.61E-05	0	0	0	0	0	0	0	0	0	0	0	0	0	0	0
tetracycline__tetB(46)	0.000493816	9.30E-06	0.000905089	3.60E-05	7.94E-05	3.83E-05	0.001985206	0.000104075	1.75E-05	1.69E-05	0.00105743	0.000170749	0.000115984	0.001406503	7.63E-06	5.50E-05	5.50E-05	0.002800508	0.001220184	0.000152944	3.69E-05	2.40E-05
aminoglycoside__AAC(6')-Im	0	0	9.52E-05	0	0	0	0.000123992	0	0	0	0	0	0	0	0	0	0	0.000133848	0.000134098	0	0	0
beta_lactam__ADC-13	0	0	0	0	0	0	7.01E-05	0	0	0	0	0	0	0	0	0	0	0	0	0	0	0
beta_lactam__CARB-19	0	0	0.00027058	0	0	0	0	0	0	0	9.02E-05	0	0	0	0	0	0	0	0.000120145	0	0	0
beta_lactam__LEN-7	0	0	0	0	0	0	5.67E-05	0	0	0	0	0	0	3.39E-05	0	0	0	0	6.46E-05	0	0	0
quinolone__QnrVC4	0	4.83E-05	0.014108178	0.000234494	0	0	0.005085329	0	0	0.000223679	0.00047353	0	0.000222725	0.000490165	0	0	0	0.000889491	0.007581808	0	0.000287298	0.000741919
macrolide-lincosamide-streptogramin__msr(A)	0	5.35E-05	0	0	0	0	0	0	0	0	0	0	0	0	0	0	0.000108431	0	0	3.89E-05	0	0
multidrug__adeI	7.35E-06	0	0.001321203	8.35E-06	1.69E-05	9.77E-05	0.0049718	0	9.68E-06	3.89E-05	0.000246024	9.16E-05	0.000412547	0.003898948	0	1.94E-05	0.000610786	0.003184277	0.001525496	1.48E-05	1.93E-05	0.000141103
beta_lactam__SHV-4	0	0	0.000113496	0	0	7.62E-05	7.93E-05	0	0	0	0	0	0	0.000126867	0	0	0	8.80E-05	0.000207364	0	0	0
beta_lactam__FOX-2	0	0	0	0	0	5.48E-05	0.00014583	0	0	2.49E-05	4.56E-05	0	0	0	0	0	0	4.13E-05	0.000410783	0	0	0.000149725
beta_lactam__TEM-127	0	0	0	0	0	0	2.45E-05	0	0	0	0	0	0	0	0	0	0	0	0	0	0	0
beta_lactam__SHV-16	0	0	0	0	0	0	0	0	0	0	0	0	0	0	0	0	0	2.84E-05	0	0	0	0
beta_lactam__MIR-13	0	0	4.45E-05	0	0	0	7.75E-05	0	0	0	0	0	0	0	0	0	0	2.13E-05	0	0	0	0
multidrug__msbA	0.000707484	0.002318034	0.015654827	0.001750127	0.003000596	0.00244199	0.016559634	0.001027395	0.001697539	0.001527334	0.003359222	0.001082035	0.004726491	0.004682768	0.001328832	0.002148599	0.001972629	0.008494877	0.02607859	0.000604084	0.001240831	0.002479405
polymyxin__mcr-1.2	0	0	0	0	0	0	1.38E-05	0	0	0	0	0	0	0	0	0	0	1.50E-05	3.11E-05	0	0	0
beta_lactam__CARB-9	0	0.000377916	0	0.000933893	6.58E-05	3.86E-05	0	0	0.000486527	3.40E-05	3.06E-05	0	0.000167734	5.99E-05	0	0	0	0	0	0	0.0006033	0.000733813
beta_lactam__TEM-196	0	0	0	0	0	0	2.61E-05	0	0	0	0	0	0	0	0	0	0	0	0	0	0	0
beta_lactam__CTX-M-95	0	0	0	0	0	0	2.51E-05	0	0	0	0	0	0	0	0	0	0	0	0	0	0	0
aminoglycoside__rmtD2	0	0	0	0	0	0	0	3.77E-05	0	0	0	0	0	0	0	0	0	0	0	0	0	0
chloramphenicol__Pseudomonas-aeruginos-catB6	0	0	7.98E-05	0	0	0	0.00028973	4.43E-05	0	0	4.28E-05	0	0	4.24E-05	0	0	0	3.55E-05	0.000196255	0	0	0
multidrug__mdtK	0.000381496	2.31E-05	0.026244469	0.000972903	6.59E-05	0.000569249	0.016373976	4.08E-05	4.84E-05	0.00027899	0.003734699	0.000109733	0.002130681	0.003075661	3.47E-05	6.89E-05	0.000183229	0.007867189	0.036749703	1.56E-05	0.000449221	0.001438553
multidrug__MexB	0.001100812	0.001952312	0.004954045	0.001259166	0.001171879	0.017505668	0.009165903	0.001282407	0.002129009	0.001718534	0.003501674	0.000882812	0.00814366	0.007436625	0.000475779	0.000856558	0.001902776	0.00818916	0.007125241	0.001500565	0.003271511	0.003699662
beta_lactam__MIR-23	0	0	2.22E-05	0	2.74E-05	0	0.000193746	0	0	0	0	0	0	0	0	0	0	0.000149384	0.000440801	0	0	0
quinolone__QnrB21	0	0	0	0	0	0	0	0	0	0	0	0	0	4.16E-05	0	0	0	0	7.94E-05	0	0	0
tetracycline__tet(C)	0.004610492	0.002494099	0.008244575	0.012263837	0.002484005	0.002535021	0.067541857	0.00078986	0.000452245	0.002326597	0.0044917	0.003170656	0.016488734	0.018800853	0.002985857	0.002101803	0.002557656	0.019197683	0.030906069	0.001667343	0.001591131	0.002051012
beta_lactam__LEN-14	0	0	0	0	0	0	0	0	0	0	0	0	0	0	0	0	0	0	5.54E-05	0	0	0
tetracycline__tet(44)	0.001126802	6.59E-05	0.000512349	0.000484881	1.63E-05	0	0.000815532	0.000319249	0.000119041	0	0.001049549	1.32E-05	0.000160204	0.000373678	0.001018494	5.07E-05	5.12E-05	0.000925494	0.000302394	0.000255205	1.75E-05	3.08E-05
bacitracin__bcrA	0	2.96E-05	0.001272231	0.000262056	0.000172342	0.001256678	0.0010956	0.000198057	6.16E-05	0.00026341	0.000203136	8.85E-05	0.000249245	0.000366568	7.80E-05	0.000201947	0.00018333	0.000808296	0.000479987	9.78E-05	3.15E-05	0.000151914
trimethoprim__dfrC	0.000103041	0	0	0	0	0	0	0	0	0	0	0	0	0	0	0	0	0	0	0	0	0
beta_lactam__TEM-125	0	0	0	0	0	0	0	0	0	0	0	0	0	0	0	0	0	0	5.46E-05	0	0	0
macrolide-lincosamide-streptogramin__oleD	0	0	4.08E-05	0	0	0	0	0	0	0	0	0	0	0	0	0	2.63E-05	0	0	0	2.65E-05	0
tetracycline__tet(W/N/W)	0.000285841	3.30E-05	0.000945961	3.25E-05	3.30E-05	0	0.00140351	9.40E-05	3.42E-05	1.53E-05	0.00020855	1.58E-05	9.37E-05	0.000243726	9.33E-05	5.15E-05	3.42E-05	0.000543996	0.000445835	0.000197263	0	2.41E-05
vancomycin__vanD	0	0	9.88E-05	0	0	6.48E-05	0.000207385	0	0	0.000114779	0	0	0	0	0	0	0	0	7.31E-05	0	0	0
beta_lactam__CAR-1	0	0	0	0	0	0	0.000126888	0	0	0	0	0	3.39E-05	7.76E-05	0	0	0	4.84E-05	7.33E-05	0	0	0
streptothricin__SatA	0	0	0	0	0	0.000906182	0	0	0	0	0	0	6.43E-05	0	0	0	0	0	0	9.83E-05	0	0.000164082
beta_lactam__OXA-117	0	0	0	0	0	0	0	0	0	0	0	0	0	5.83E-05	0	0	0	0	0	0	0	0
beta_lactam__TEM-118	0	0	6.49E-05	0	0	4.26E-05	0.000111987	0	0	0	0	0	0	0	0	4.23E-05	0	6.21E-05	0.000128957	0	0	0
quinolone__norB	0	0	0.000175621	0	0	0	0.000194848	0	0	0	1.74E-05	2.16E-05	2.33E-05	0	0	0	0	1.67E-05	0.000117398	0	0	0
bicyclomycin__bcr-1	0	0	0	0	0	0	5.49E-05	0	0	0	0	0	0	0	0	0	0	0	0	0	0	0
beta_lactam__OXA-183	0	0	3.25E-05	0	0.000268981	0	0.000387391	0	0	0	0	3.86E-05	4.54E-05	0.000198124	0	0	4.11E-05	0.000287363	0	0	0	0
aminoglycoside__AAC(6')-IIb	0	0	0	0	0.000167988	0	0	0	0	0	0	5.48E-05	0	0	0	5.76E-05	0	0	0.00014024	0.000151745	0.000119725	0
beta_lactam__CMY-38	0	0	2.22E-05	0	0	0	1.96E-05	0	0	0	0	0	0	2.34E-05	0	0	0	0	2.21E-05	0	0	0
beta_lactam__OXA-15	0	0	0	0	0	0	2.44E-05	0	0	0	2.55E-05	0	0	0	6.02E-05	0	0	0	2.87E-05	0	0	0
beta_lactam__ACT-8	0	0	0	0	0	0	0	0	0	0	0	0	0	0	0	0	0	0	2.25E-05	0	0	0
multidrug__mdtF	0.000123495	0.000217262	0.002987986	0.000185972	0.000316328	0.004147191	0.002268436	9.91E-05	0.000218744	0.000114953	0.000459577	0.000137558	0.000362995	0.000627994	5.79E-05	0.000182564	0.000261024	0.001168976	0.00209478	0.000216417	0.000516519	0.001482632
beta_lactam__SHV-126	0	0	3.13E-05	0	0	0	0	0	0	0	0	0	0	0	0	0	0	0	6.21E-05	0	0	0
beta_lactam__CTX-M-152	0	0	0	0	0	0	7.46E-05	0	0	0	0	0	0	0	0	0	0	0	5.21E-05	0	0	0
beta_lactam__CTX-M-21	0	0	0	0	0	0	2.51E-05	0	0	0	0	0	0	0	0	0	0	0	0	0	0	0
polymyxin__rosA	0.000375736	0.000998061	0.003712405	0.000560394	0.001094782	0.003251854	0.00577214	0.000673433	0.001282912	0.000538793	0.001207453	0.00163047	0.001491636	0.002175329	0.000382432	0.000828536	0.001235558	0.002736748	0.009156429	0.001881951	0.001493113	0.000877508
beta_lactam__CMY-100	0	0	0	0	0	0	0	0	0	0	0	0	0	0	0	0	0	0	2.03E-05	0	0	0
beta_lactam__CMY-37	0	0	6.67E-05	0	0	0	1.92E-05	0	0	0	0	0	0	7.01E-05	0	0	0	0	0.000110426	0	0	0
macrolide-lincosamide-streptogramin__erm(46)	0	0	6.27E-05	0.000155551	0	0.000247859	0.000164591	0.000104184	4.13E-05	0.000146553	0.003764036	0.000483822	0	0.000123844	0.000131381	0	0.000203268	0.000359091	0.000280481	0.000120302	0	0
macrolide-lincosamide-streptogramin__vat(F)	0.001239346	0.000920737	0.001665964	4.61E-05	0.000897059	0.000300761	0.002751069	0.000159104	0.000381021	0.000330964	0.00059405	0.000969358	0.001033823	0.001693933	0.001318306	0.001300231	0.000872208	0.001735368	0.003460102	0.000476001	0.000725255	0.0001394
beta_lactam__CARB-16	0	0	0.000198956	0	0	0	0.001355644	0	0	0	0.000105612	6.62E-05	0	0.001655674	0	0	0	0.000709553	0.000195926	0	0	0
macrolide-lincosamide-streptogramin__erm(40)	0.000190352	0	0.000704499	4.23E-05	0	8.41E-05	0.000605415	0	0.000173065	3.90E-05	0.000560306	0.00019394	3.73E-05	0.00037866	0.001632066	0.000604946	8.71E-05	0.001743502	0.001279371	0.000473519	0.000263835	4.79E-05
beta_lactam__OXA-192	0	0	0	0	0	0	0	0	0	0.000141154	0	0	0	0	0	0	0	3.01E-05	3.13E-05	0	0	0
beta_lactam__OXA-275	0	0	0	0	0	0	0	0	0	0	0	0	4.03E-05	0.000243166	0	0	0	0.000103628	2.99E-05	0	0	0
tetracycline__tet(T)	8.77E-05	0	9.11E-05	0	0	0	0.000101937	4.29E-05	1.71E-05	0	0.000353055	0	0	1.40E-05	2.74E-05	0	0	6.18E-05	0.000202058	2.78E-05	0	0
macrolide-lincosamide-streptogramin__cfr(C)	0	0	0	0	0	0	0	0	0	0	0	0	0	0	0	0	0	0	0	0	0	8.96E-05
beta_lactam__CTX-M-33	0	0	0	0	0	0	0	0	0	0	0	0	0	0	0	0	0	2.84E-05	0	0	0	0
beta_lactam__CMY-26	0	0	2.22E-05	0	0	0	0	0	0	0	2.31E-05	0	0	2.38E-05	0	0	0	0	4.42E-05	0	0	0
beta_lactam__OXA-74	0	0	0	0	0	0	0	0	0	0	0	0	0	0	0	0	0	0	3.16E-05	0	0	0
aminoglycoside__APH(2'')-If	0.000163104	7.17E-05	0.001054581	0.000139267	6.95E-05	0	0.001886417	0	0	9.82E-05	0.000148355	0	8.13E-05	0.000328578	0	7.28E-05	0	0.000760965	0.000411095	0	0	0
quinolone__QepA2	0	0	0	0	0	0	0	1.71E-05	0	1.53E-05	0	0	0	0	0	0	0	4.53E-05	0	1.63E-05	0	0
sulfonamide__sul3	0.000119849	0	0.000416689	0	0	0	0.000194487	0.000247879	3.98E-05	0	0.0001901	0	0.000129325	0	0.000234838	0	0	6.17E-05	0.000406128	0.000138241	0.000192902	0.000114795
macrolide-lincosamide-streptogramin__lsa(D)	0.000164228	0	6.54E-05	0	0	0	0.000146725	0	0	0	0	0	0	7.02E-05	0	0	0	6.33E-05	3.39E-05	0	0	0
multidrug__Klebsiella-pneumoniae-acrA	3.44E-05	0	0.001327243	4.37E-05	1.86E-05	5.17E-05	0.001976773	0	0	0	0.000308563	4.39E-05	0.000292024	0.000510281	0	1.87E-05	4.06E-05	0.001257193	0.005513454	2.52E-05	2.73E-05	7.76E-05
beta_lactam__OXA-351	0	0	0	0	0	0	5.30E-05	0	0	0	0	0	4.42E-05	6.66E-05	0	0	0	0	0	0	0	0
aminoglycoside__AAC(3)-IV	0	0.000267107	0.000362992	0.000111032	0	0	0	0	0.000231508	0.000139891	0	0	0	0	0	0	0	0	6.11E-05	0	0	0
aminoglycoside__AAC(3)-IIIb	0.000115884	0	3.11E-05	0	3.84E-05	0	0.000133775	0	0	0	0	7.48E-05	0	0	0	0	0	0.000621659	6.19E-05	0	4.04E-05	0
tetracycline__otr(A)	4.40E-05	0.000108036	5.01E-05	0	4.53E-05	8.45E-05	5.11E-05	0	1.51E-05	4.49E-05	3.85E-05	0.000238854	4.98E-05	9.92E-05	0.000113525	4.36E-05	0.00039034	7.86E-05	3.55E-05	5.48E-05	7.52E-05	0
macrolide-lincosamide-streptogramin__lnu(P)	0.00036977	0	0.000612276	0.000494508	0	0	0.000331491	0.000112207	0	6.02E-05	0.000160341	0.000181887	0	0.000215665	0.000237556	0	0.000133053	9.77E-05	0	0	0.000201494	0
multidrug__Escherichia-coli-acrA	6.27E-06	0	0.001931629	5.18E-05	0	2.43E-05	0.001391906	7.75E-06	1.78E-05	4.90E-05	0.00011099	8.37E-06	0.00013839	0.000159531	7.04E-06	0	7.64E-06	0.000487461	0.001393113	7.28E-06	1.82E-05	5.06E-05
multidrug__smeF	4.14E-05	2.87E-05	0.000110858	2.03E-05	2.03E-05	0.001929452	7.60E-05	4.21E-05	2.80E-05	0	5.01E-05	3.47E-05	1.59E-05	0.000103421	2.38E-05	2.73E-05	7.56E-05	4.12E-05	0.000100709	0.000156891	0.000178474	4.19E-05
beta_lactam__OXA-207	0	0	0	0	0	0	0	0	0	0	0	0	0	0	0	0	0	6.02E-05	0	0	0	0
beta_lactam__OXA-664	0	0	0	0	0	0	0.00119688	0	0	0	0.000152594	0	0.000204856	0.00092988	0	0	0	0.000623129	0	0	0	0
macrolide-lincosamide-streptogramin__macB	0.001064401	0.001662767	0.007127606	0.001076402	0.002034141	0.002374314	0.009931454	0.00110384	0.001552521	0.00158846	0.002861252	0.001824857	0.003358998	0.004854389	0.001385442	0.00178343	0.002092989	0.00545607	0.010939519	0.001604179	0.001492376	0.00094863
beta_lactam__OXA-437	0	0	3.08E-05	0	0	0	0	0	0	0	0	0	0	3.24E-05	0	0	0	0	0	0	0	0
multidrug__OprZ	0	0	0	0	0	0	1.06E-05	0	0	0	0	1.46E-05	0	2.56E-05	0	0	1.57E-05	0	0	0	0	0
multidrug__RanB	0.000537033	0.000694606	0.004352766	0.001092432	0.000887123	0.001528796	0.029217472	0.000949573	0.000679745	0.000561618	0.001900074	0.000854058	0.00531414	0.02243296	0.001310278	0.000956075	0.001235424	0.023352842	0.007897902	0.000793658	0.001575822	0.001403985
tetracycline__tet(34)	0	0	0.01924174	0.000778212	6.64E-05	0	0.00274624	6.05E-05	7.09E-05	0.000508695	0.002251534	0	0.000380904	0.001016023	0	7.17E-05	0	0.00103998	0.012713079	0	0.000139938	0.000470111
trimethoprim__dfrB6	0	0	0	0.000130532	0.000133772	0	0	0	0	0	0	0	0	0	0	0	0	0	0	0	0	0
beta_lactam__MOX-5	0	0	0.000621912	0	0	0	0.000560682	0	0	0	0	0	0.000346856	0.000510071	0	0	2.85E-05	0.000494194	0.001111492	0	0	5.79E-05
aminoglycoside__ANT(3'')-IIc	9.48E-05	0	0.000450487	0	0	0	0.004724814	0	0	0	0.000119432	7.85E-05	0.000467241	0.003802249	0	0	8.53E-05	0.002584619	0.001507052	0	0	0
beta_lactam__cphA4	0	0	3.40E-05	0	0	0	0.000145016	0	0	0	0	0	0	3.58E-05	0	0	0	0	6.63E-05	0	0	0.000111585
quinolone__mfpA	0	0	4.72E-05	0.000113591	0.000114035	0.000473541	0	5.09E-05	5.96E-05	0.001052733	0.001007314	0.000274984	0.00158116	0.000912611	0.00033258	0.000116983	0.000598589	0	0.00032374	0.00079772	0.000300538	0.001811402
beta_lactam__OXA-251	0	0	0	3.91E-05	0	0	8.30E-05	0	0	0	0	0	0	0	0	0	0	6.10E-05	0	0	0.000209293	0.000113501
beta_lactam__PAC-1	0	0	0	0	0	0	0.000324085	0	0	0	0	0	0	8.82E-05	0	0	0	0.000359564	0.000155047	0	0	0
vancomycin__vanZF	0	0	0	0	0	0.000530353	0	0	0	0	0	0	0	0	0	0	5.31E-05	0	0	0	0	0
polymyxin__mcr-1.8	0	0	0	0	0	0	0	0	0	0	0	0	0	1.65E-05	0	0	0	0	0	0	0	0
beta_lactam__CARB-10	0	0	0.000654291	0	0	0	0.003359336	0	0	0	0.000400723	0.000168866	0	0.004085825	0	0	0	0.00219695	0.000553778	0	0	0
beta_lactam__CARB-20	0	0	2.99E-05	0	0	0	0	0	0	0	0	0	0	0	0	0	0	0	0	0	0	0
beta_lactam__CMY-11	0	0	2.26E-05	0	0	0	7.65E-05	0	0	0	0	0	6.32E-05	6.99E-05	0	0	0	2.12E-05	6.70E-05	0	0	0
beta_lactam__imiS	0	0	0	0	0	4.39E-05	8.68E-05	0	0	0	0	0	0	3.52E-05	0	0	0	0	0	0	0	0
aminoglycoside__aadA8b	0.001303835	0.000643659	0.00222935	0.002611509	0.000560291	0.000298446	0.006401072	0.000141645	0.000166016	0.000522787	0.001378564	0.000646646	0.00089684	0.004440928	0.000268386	0.000287833	0.000249396	0.004704984	0.002183429	0.000345952	0.00037983	0.000520093
beta_lactam__OXA-5	0	4.03E-05	0.000111351	7.79E-05	0	0	0.000696479	0	8.26E-05	0.000112272	0.000132019	3.77E-05	4.52E-05	0.000100733	0	0.000162012	0.000206388	0.000421994	0.00071712	0	0.000285019	0.000103845
aminoglycoside__AAC(3)-Id	0	5.99E-05	0	0	6.60E-05	0.000130656	0.000962711	0	0	0	0	6.11E-05	0.000212149	0	0	0	7.06E-05	0	0.000467347	0.001537177	0.005568046	0.006820502
beta_lactam__OXA-205	0.000303728	7.28E-05	0.000577695	0	4.00E-05	0.000115985	0.001722236	7.00E-05	0.000331637	0	0.000849181	0.00041697	0.000482742	0.001393018	0.000166527	8.21E-05	4.19E-05	0.000630706	0.001260809	9.44E-05	0	0.000170251
mupirocin__Bifidobacteria-intrinsic-ileS-conferring-resistance-to-mupirocin	0.006093821	0.00582786	0.016298042	0.013979249	0.005570184	0.004626215	0.015844927	0.003712873	0.003762875	0.008932345	0.008940622	0.007053975	0.009823724	0.008762494	0.003965828	0.003264442	0.004445262	0.01001646	0.007085165	0.005447782	0.003023127	0.005613496
beta_lactam__CTX-M-124	0	0	2.85E-05	0	0	0	0	0	0	0	0	0	0	0	0	0	0	0	0	0	0	0
beta_lactam__CSP-1	0	0	0	0	0	0	0	0	0	0	0	0	0	0	0	0	0	5.42E-05	0	0	0	0
multidrug__mexP	0	0	1.48E-05	0	0	0	0	0	0	0	0	0	0	0	0	0	0	7.16E-06	0	0	0	0
beta_lactam__KPC-9	0	0	2.98E-05	0	0	0	0	0	0	0	6.33E-05	0	0	0.000189406	0	0	0	5.71E-05	5.93E-05	0	0	0
beta_lactam__ACT-19	0	0	0	0	0	0	0	0	0	0	0	0	0	0	0	0	0	0	2.21E-05	0	0	0
beta_lactam__y56	2.76E-05	0	5.82E-05	0	0	0	0.000121228	0	0	0	0	0	0	0	0	0	7.06E-05	7.99E-05	2.86E-05	3.03E-05	0	0
pleuromutilin_tiamulin__msr(G)	6.74E-05	0	1.75E-05	0	0	4.58E-05	0.00010239	0	0	0	0	0	0	0	0	0	0	3.27E-05	0	1.90E-05	0	6.22E-05
vancomycin__vanB	0	0	0	0	0	0	0	0	0	4.21E-05	0	0	0	0	0	0	0.000252455	2.18E-05	0	5.18E-05	0	0
beta_lactam__GES-13	0	0	0.000374616	0	3.64E-05	0	0.001598297	0.0001298	0.0001141	3.41E-05	9.34E-05	7.01E-05	0.000127098	0.000608503	3.01E-05	3.77E-05	7.62E-05	0.000529214	0.000758094	5.59E-05	3.83E-05	0
multidrug__oqxB	0.000109545	0.000321691	0.001437538	0.000201273	0.002806861	0.001054473	0.002317274	4.04E-05	6.07E-05	0.000142683	0.000327028	0.001858607	0.000982191	0.001831642	0.001040034	0.002713205	0.001453404	0.001641803	0.004817458	0.000218478	0.00068129	0.000276874
beta_lactam__CIA-3	0	0	0	0	0	0	0	0	0	0	0	0	0	0	0	0	0	0	0	0	0	5.28E-05
beta_lactam__KPC-14	0	0	0	0	0	0	0	0	0	0	3.03E-05	0	0.000125351	0	0	0	0	2.79E-05	5.84E-05	0	0	0
beta_lactam__GES-10	0	0	0	0	0	0	9.35E-05	0	0	0	0	0	0	0	0	0	0	2.82E-05	5.68E-05	0	0	5.26E-05
beta_lactam__SHV-62	0	0	0	0	0	0	0	0	0	0	0	0	0	0	0	0	0	2.89E-05	0	0	0	0
beta_lactam__CGA-1	0.000111355	0	0	0	0	0.000153825	7.00E-05	0	0	0	6.16E-05	0	0	0.000240851	3.08E-05	0	7.56E-05	5.44E-05	8.12E-05	0	0	0.000104449
beta_lactam__VMB-1	0	0	0	0	0	0	0	0	0	0	7.14E-05	0	0	0	0	0	0	0	0	0	0	0
tetracycline__tet(31)	0	0	0	0	0	0	0	0	0	0	0	0	0	0	0	0	0	0	8.21E-05	0	0	0
aminoglycoside__AAC(3)-Ic	0	0	8.98E-05	0	0	0	9.46E-05	0	0	5.51E-05	5.76E-05	0	0	0	0	0	0.00057348	0.000346812	5.06E-05	0.00014788	0	0
beta_lactam__OXA-230	0	0	0	0	0	0	0	0	0	0	0	0	0	3.29E-05	0	0	0	0	0	0	0	0
tetracycline__tet(X3)	2.19E-05	0.000139985	0.000421147	0.000220222	0.003060312	0.000173883	0.001372433	0	8.51E-05	0	0	0.002513439	0.000946295	0.001652455	0.000162052	0.00042252	8.60E-05	0.002504294	0.000392706	0.000234073	0.000475621	0.000555781
macrolide-lincosamide-streptogramin__lmrD	0.000801002	0	0.001142551	8.31E-05	1.60E-05	5.06E-05	0.001461838	0.000151708	1.68E-05	8.67E-05	0.001235062	0.000227668	0.000145876	0.001822477	1.33E-05	4.89E-05	9.78E-05	0.001901694	0.001248354	9.56E-05	6.59E-05	9.19E-05
aminoglycoside__aadA24	0.000140276	0.000145337	0.000599982	0.000114657	3.78E-05	0	0.002491957	6.60E-05	4.30E-05	0.000114197	0.000395098	6.74E-05	0.000316886	0.001016693	0	0	4.22E-05	0.001726699	0.001669493	0.000257237	0.000773125	0.000378252
beta_lactam__CMY-73	0	0	4.54E-05	0	0	0	0	0	0	0	0	0	0	2.38E-05	0	0	0	0	4.42E-05	0	0	0
tunicamycin__tmrB	6.50E-05	0	0	0	0	0	0	0	0	0	0	0	0	0	0	0	0	0	0	0	0	0
beta_lactam__TEM-182	0	0	0	0	0	0	2.55E-05	0	0	0	0	0	0	0	0	0	0	0	0	0	0	0
beta_lactam__OKP-B-20	2.84E-05	0	2.96E-05	0	0	0	2.55E-05	0	0	0	0	0	0	0	0	0	0	0	0.00011168	0	0	0
polymyxin__arnA	0.001946388	0.001348803	0.011656443	0.000948329	0.000805014	0.000695576	0.015971105	0.002842831	0.001908568	0.000834744	0.002622882	0.001276674	0.010014633	0.003948758	0.001376871	0.000796516	0.000833143	0.006796345	0.022277398	0.000623652	3.33E-05	0.001242225
beta_lactam__OXA-274	0	0	0	0	0	0	7.82E-05	0	0	0	0	0	0	3.06E-05	0	0	0	5.71E-05	3.06E-05	0	0	0
beta_lactam__OXY-6-1	0	0	0	0	0	0	0	0	0	0	0	0	0	0	0	0	0	0	2.89E-05	0	0	0
aminoglycoside__APH(6)-Id	0.007893572	0.002650122	0.020721034	0.003286643	0.008858104	0.003978483	0.046756126	0.005247904	0.002945741	0.002155647	0.018595543	0.005049541	0.00518578	0.026831995	0.006033785	0.006328488	0.010476475	0.062966502	0.023106992	0.004226597	0.002550767	0.002071931
beta_lactam__POM-1	0	0	0	0	0	0	0	0	0	0	0	0	0	0	0	0	4.21E-05	0	0	0	0	0
macrolide-lincosamide-streptogramin__mph(B)	0.00013329	0	0.003755501	0.000183922	0	0	0.002526533	0	7.30E-05	6.62E-05	0.000267487	0	0.00019655	0.000225434	2.27E-05	0	0	0.001231258	0.002054886	0	0	0.000193033
aminoglycoside__AAC(3)-IIg	0	0	0	0	0	0	5.49E-05	0	0	0	0	0	0	3.31E-05	0	0	0	0	0	0	0	0
beta_lactam__CMY-34	0	0	0	0	0	0	3.84E-05	0	0	0	1.65E-05	0	0	0	0	0	0	0	0.000132961	0	0	3.96E-05
multidrug__Enterobacter-cloacae-acrA	4.05E-05	0	0.000235116	0	0	4.70E-05	0.000753267	3.75E-05	0	0	2.22E-05	8.45E-06	5.03E-05	0.000194087	0	0	2.57E-05	0.000328958	0.001025724	7.44E-06	0	1.24E-05
beta_lactam__DHA-9	0	0	0	0	0	0	3.90E-05	0	0	0	0	0	0	0	0	0	0	2.14E-05	0	0	0	0
beta_lactam__TEM-107	0	0	0	0	0	0	0	0	0	0	0	0	0	0	0	0	0	0	3.00E-05	0	0	0
aminoglycoside__aadA10	5.87E-05	0	0.000307642	0	0.000113775	0	0.00150741	6.72E-05	0	0	3.25E-05	0.000219485	0.000131686	0.00071051	0.000255472	0.000116325	0.000513854	0.001317638	0.002754388	0.005000301	0.003711678	0.001204488
aminoglycoside__aadA8	0.001739708	0.000884111	0.003002262	0.00360756	0.000477705	0.000343299	0.007585574	0.000212468	0.000249871	0.000485554	0.002214866	0.001115231	0.001151741	0.005263885	0.000235523	0.000862659	0.000542904	0.006207887	0.004127229	0.00041402	0.000421654	0.000633717
multidrug__Klebsiella-pneumoniae-KpnG	0	0	1.11E-05	0	0	0	9.37E-06	0	0	0	0	0	0	0	0	0	0	0	2.18E-05	0	0	0
tetracycline__tet(O/W)	0.000292851	4.95E-05	0.001833492	0.000130455	1.63E-05	3.51E-05	0.002429422	0.000131766	3.42E-05	1.53E-05	0.000304522	1.58E-05	0.000227567	0.000417775	8.31E-05	3.42E-05	0	0.0016193	0.000664856	0.000156251	3.41E-05	4.72E-05
quinolone__QepA4	0	2.10E-05	4.94E-05	0	6.04E-05	2.18E-05	0	0	2.05E-05	5.51E-05	1.72E-05	3.90E-05	2.36E-05	5.01E-05	0	1.77E-05	8.16E-05	0.000112028	4.44E-05	1.52E-05	6.06E-05	0
aminoglycoside__AAC(3)-IIIc	8.74E-05	0	0	0	0.000109906	3.98E-05	0	0	0	0	0.000126986	0	0	0.000112033	0	3.88E-05	7.68E-05	0.000290578	3.02E-05	0	0	0
macrolide-lincosamide-streptogramin__mph(M)	2.72E-05	0	5.55E-05	0	0	0	0	0	0	0	0	0	0	0	0	0	0	0	0	0	0	0
polymyxin__pmrF	0.001100998	0.000124249	0.010128036	0.000547414	0.000123004	0.000636176	0.010644438	0.00026857	3.39E-05	0.000116679	0.001349377	3.13E-05	0.001371642	0.002248457	0.000109605	0.00010144	0.0002037	0.005164961	0.020475037	0.000134691	0.000238427	0.000641978
beta_lactam__ACT-6	0	0	2.27E-05	0	0	0	1.92E-05	0	0	0	0	0	0	0	0	0	0	4.34E-05	0.000189301	0	0	0
beta_lactam__MUS-1	0	0	6.96E-05	0	0	0	0	0	0	0	0	0	0	0	0	0	0	0	0	0	0	0
beta_lactam__Rhodobacter-sphaeroides-ampC	4.32E-05	0	4.37E-05	0	2.52E-05	0.000853089	0.000220942	0	0	0	0.000111218	7.41E-05	0	0.000163555	4.31E-05	2.85E-05	2.88E-05	0.000846414	0.000102582	0	0	0
beta_lactam__Laribacter-hongkongensis-ampC-beta-lactamase	0	0	1.73E-05	0	0	5.70E-05	0.002200565	0	0	0	0.000795755	0	0.000314169	0.000394087	0	0	0	0.000228561	0.000981305	0	0	0
beta_lactam__SHV-27	0	0	0	0	0	0	0	0	0	0	0	0	0	3.11E-05	0	0	0	0	0	0	0	0
beta_lactam__OXA-210	0	0	0	0	0	0	0	0	0	0	0	0	0	2.51E-05	0	0	0	0	0	0	0	0
tetracycline__tcr3	0	0	0	0	0	0	0	0	0	0	0	0	0	1.38E-05	0	0	0	1.26E-05	0	0	0	0
aminoglycoside__AAC(6')-Ig	0	0	0	0	0	0	0.000394926	0	0	0	0	6.94E-05	0.000236268	0.000605341	0	0	0	0.00063442	0.000116061	0	0	0
beta_lactam__SHV-112	0	0	0	0	0	0	0	0	0	0	0	0	0	8.34E-05	0	0	0	0.000153308	0.00023159	0	0	0
beta_lactam__GES-22	0	0	0	0	0	0	2.55E-05	0	0	0	0	0	0	3.10E-05	0	0	0	2.82E-05	2.99E-05	0	0	5.26E-05
fosfomycin__Acinetobacter-baumannii-AbaF	7.08E-05	0	5.80E-05	4.70E-05	0	0.000155466	6.81E-05	6.56E-05	2.49E-05	0.000576707	0.000160978	0.000436646	0.001104218	0.00036049	0.000185522	0.000173885	0.000204898	0.00015041	0.000196541	1.72E-05	2.56E-05	0
tetracycline__Corynebacterium-striatum-tetA	0	0	0	0	0	0	0	0	0	0	0	0	0	0	0	0	0	0	1.64E-05	0	0	0
beta_lactam__MIR-6	0	0	6.71E-05	0	0	2.98E-05	0.00013073	0	0	0	0	0	2.72E-05	2.34E-05	0	0	0	2.17E-05	0.000176681	0	0	0
beta_lactam__CTX-M-137	0	0	0	0	0	0	0.00012299	0	0	0	0	0	0	0	0	0	0	0	0.000107401	0	0	0
trimethoprim__dfrA12	0	0	0.000870926	0	0	0.00018654	0.00142689	0	0	0.000121118	0	0	7.02E-05	0.000541879	0	0	5.68E-05	0.000384048	0.001958718	0	0	0
beta_lactam__SCO-1	0.000256334	0.00010979	0.000729226	0.000144356	6.58E-05	0	0.001195596	0	0	0	0.00056513	0.00028242	0	0.000490917	0.000153806	0.000112649	0	0.005618453	0.000850864	0	7.72E-05	0
fosfomycin__FosA6	0	0	0.001785739	0	0	0	0.002944968	0	0	0	0.000370036	0	0.000416689	0.000722989	0	0	0	0.001842581	0.005770635	0	0	0.000217203
multidrug__patA	0.000389249	0	0.000408331	1.24E-05	5.88E-05	5.09E-06	0.001167271	2.18E-05	3.69E-05	2.29E-05	0.000426754	3.52E-05	6.45E-05	0.000761925	1.05E-05	8.17E-05	3.10E-05	0.001149164	0.000455898	5.34E-05	1.30E-05	8.38E-06
beta_lactam__Rm3	0	0	0	0	3.31E-05	0	0	0	0	0	0	0	3.84E-05	5.66E-05	0	0	0	0	0	0	0	0
beta_lactam__OCH-4	0	0	0	0	0	0	0	0	0	0	0	0	0	0	0	0	0	2.08E-05	0	0	0	0
multidrug__salD	3.02E-05	0	0	0	0	0	1.37E-05	0	0	0	0	0	0	0	0	0	0	0	0	0	0	0
aminoglycoside__AAC(6')-Ib7	0.000283249	0	0.000714225	0.000221054	8.00E-05	3.39E-05	0.004011407	0	4.18E-05	0	0.00020327	7.16E-05	0.000866759	0.001554973	6.49E-05	0.000152207	4.19E-05	0.002657017	0.002769566	0	7.40E-05	0.00070846
macrolide-lincosamide-streptogramin__lnu(B)	0.00039517	0	0.00012171	0.000116782	7.90E-05	0	0.001894513	0.000281182	0	3.74E-05	0.002229507	0	0.000216928	0.000481885	0.000696657	0	0	0.000778303	0.000555688	6.84E-05	0	0.000378457
multidrug__oprC	1.68E-05	1.30E-05	3.42E-05	8.75E-06	0.000103544	7.28E-05	0.000167514	1.14E-05	1.52E-05	4.02E-05	3.35E-05	0.000100439	0.000277223	0.000263213	3.28E-05	0.000123794	0.000107586	0.000272358	7.74E-05	1.25E-05	4.67E-05	3.41E-05
rifamycin__arr-1	0.000622983	0.000291812	0.000583834	7.42E-05	0.000661166	0.001654604	0.001690441	0.000345572	0.000744631	0.009693157	0.002312799	0.000881911	0.002778355	0.001552946	0.002372329	0.001773315	0.001828479	0.003113494	0.001862534	0.001073773	0.00153371	0.001154735
chloramphenicol__catII	0	0	0	0	0	0	6.86E-05	0	0	0	0	0	0	0	0	0	0	0	7.82E-05	0	0	0
multidrug__OprN	1.63E-05	6.08E-06	0.000182497	0	1.46E-05	0.000150755	0.000195991	0	0	4.38E-05	4.83E-05	0	0.001426062	0.000166712	0	1.28E-05	0.000185444	0.000666165	0.000130369	0	0	2.15E-05
beta_lactam__OKP-A-15	0	0	0	0	0	0	2.49E-05	0	0	0	0	0	0	6.40E-05	0	0	0	5.77E-05	0.000150945	0	0	0
beta_lactam__OKP-A-16	0	0	0	0	0	0	5.11E-05	0	0	0	3.08E-05	0	0	9.34E-05	0	0	0	2.89E-05	0.000177127	0	0	0
beta_lactam__OXA-926	0	0	9.61E-05	0	0	0	0	0	0	0	0	0	0	0	0	0	0	5.99E-05	0	0	0	0
beta_lactam__OXA-397	0	0	0	0	0	0	5.22E-05	0	0	0	0	0	0	0	0	0	0	0	0	0	0	0
quinolone__QnrA1	0	0	3.89E-05	0	0	0	3.35E-05	0	0	0	0	0	0	0	0	0	0	0	7.80E-05	0	0	0
macrolide-lincosamide-streptogramin__macA	0.000418305	0.000952939	0.004934246	0.000520559	0.000474684	0.000341368	0.006859998	0.00018293	0.000262396	0.000137374	0.001048521	0.000213654	0.001437389	0.002928957	0.000279498	0.000273392	0.000837346	0.003730643	0.008000368	0.000209956	0.000271096	0.000199708
multidrug__mexJ	0	3.61E-05	0.00025041	7.49E-05	1.90E-05	1.01E-05	5.91E-05	8.46E-06	4.92E-05	9.51E-05	0.000277523	0	0.000722164	7.86E-05	0	0	4.94E-05	0.000101886	0.000106839	0	9.99E-06	0.000216854
tetracycline__tet(51)	0	0	0	0	0	0	0	0	2.82E-05	0	2.28E-05	0	3.06E-05	0	0	0	2.82E-05	0	0	0	0	0
multidrug__sdeY	0.000376359	0.000591128	0.002761216	0.000449793	0.000266702	0.00143271	0.002804635	0.000512204	0.000511168	0.000419021	0.000959673	0.000231453	0.000618552	0.001002759	0.00018966	0.000231829	0.000292442	0.001758623	0.004352931	0.00032281	0.000748777	0.0010103
beta_lactam__CTX-M-14	0	0	2.32E-05	0	0	0	0.000123503	0	0	0	3.03E-05	0	0	0	0	0	0	0	2.89E-05	0	0	0
multidrug__mexW	0.000466822	0.001336515	0.002425424	0.000955662	0.001072951	0.006789067	0.001180066	0.000611756	0.00130177	0.001019137	0.001945561	0.001714028	0.006405706	0.001736429	0.000727106	0.000952368	0.001300316	0.00249592	0.0019737	0.002039547	0.001849159	0.001095159
quinolone__QnrS1	0	0	0	0	0	0	6.77E-05	0	0	0	0	0	0	0	0	0	0	0	0	0	0	0
trimethoprim__DfrB9	0	0	0	0	0	0	0	0	0	0	0	0	0	0	0	0.000135815	0.001289973	0	0	0	0	0
beta_lactam__JOHN-1	0	0	0	0	0	0	0	0	0	0	0	3.98E-05	0	0	0	0	0	0	0	0	0	0
aminoglycoside__aadA4	0	0	3.23E-05	0	0	0	5.58E-05	0	4.25E-05	0	0	0	0	0	0	0	0	0.000186291	9.70E-05	6.90E-05	0	0
beta_lactam__ORN-5	0	0	0	0	0	0	2.05E-05	0	0	0	3.03E-05	0	0	0	0	0	0	2.84E-05	2.83E-05	0	0	0
beta_lactam__OXA-233	0	0	0	0	0	0	2.80E-05	0	0	0	6.69E-05	0	0	0	0	0	0	6.16E-05	6.39E-05	0	3.46E-05	0
quinolone__QnrB27	0	0	4.04E-05	0	0	0	3.41E-05	0	0	0	0	0	0	0	0	0	0	0	0	0	0	0
macrolide-lincosamide-streptogramin__cipA	0	0	0	0	0	9.70E-05	3.58E-05	0	0	0	0	0	0	0	0	0	0	0	2.28E-05	0	0	0
beta_lactam__CMY-8	0	0	0.000133939	0	0	0	0.000385697	0	0	0	0	0	3.16E-05	9.32E-05	0	0	2.69E-05	0.000191872	0.000288153	0	0	3.95E-05
quinolone__Acinetobacter-baumannii-AbaQ	0	0	5.93E-05	0	0	0	6.46E-05	0	0	4.56E-05	4.06E-05	0	0.002332918	0.000124362	0	0	5.04E-05	3.74E-05	7.56E-05	0	0	6.96E-05
bacitracin__BahA	0.000462834	2.57E-05	0	1.24E-05	0	0	0	0.000238086	2.84E-05	0	7.49E-05	0	0	1.09E-05	0	0	1.22E-05	1.10E-05	0.000153455	0.000312663	2.69E-05	0
tetracycline__tetA(60)	0	0	2.15E-05	0	0	0	1.26E-05	0	0	0	2.25E-05	0	0	1.38E-05	0	0	0	1.40E-05	0	0	0	0
multidrug__emeA	0.000270051	0	4.38E-05	2.74E-05	0	0	0.000489289	0	0	0	0.000135869	2.65E-05	5.71E-05	0.000672914	0	0	5.71E-05	0.000143738	0.000194696	0	0	0
aminoglycoside__AAC(6')-Ih	0	0	0	0	0	0	4.90E-05	0	0	0	0	0	0	0.000124471	0	0	0	5.55E-05	0	0	0	0
beta_lactam__GES-26	0	0	0	0	0	0	0	0	0	0	0	0	0	0	0	0	0	2.88E-05	0	0	0	0
beta_lactam__Vibrio-cholerae-varG	0	0	0.000235347	0	0	0	0	0	0	0	6.55E-05	0	0	0	0	0	0	0	0.000233367	0	0	0
beta_lactam__OKP-A-2	0	0	0	0	0	0	4.80E-05	0	0	0	0	0	0	0	0	0	0	0	0	0	0	0
tetracycline__tet(45)	0	0	0	0	4.60E-05	0	0	0	0	0	0	0	0	0	0	0	0	0	0	0	0	0
beta_lactam__CMY-1	0	0	0	0	0	0	8.82E-05	0	0	0	0	0	6.32E-05	2.38E-05	0	0	0	0	6.74E-05	0	0	0
beta_lactam__OXA-212	0	0	6.25E-05	0	0	4.06E-05	7.84E-05	0	0	0	3.22E-05	0	4.41E-05	0.000261317	0	0	0.000195416	0.000266896	3.07E-05	0	0	0
beta_lactam__CepS	0	0	2.26E-05	0	0	2.73E-05	0.000167597	0	0	0	0	0	0	0.000141767	0	0	0	4.29E-05	0.000130815	0	0	0
beta_lactam__GOB-11	0	0	0	0	0	0	0	0	0	0	0	0	0	0	0	0	0	0	0	0	0	5.17E-05
multidrug__MexD	0.00023373	0.000183991	0.000847414	0.000100819	0.000450677	0.000384383	0.001420252	6.15E-05	8.57E-05	9.90E-05	0.000499705	0.00041176	0.000606364	0.001624007	0.000176987	0.000483089	0.000377649	0.001512152	0.001459456	0.00013759	0.000380927	0.000234799
aminoglycoside__AAC(6')-IIa	0.000302942	0.000114563	0.000954452	5.65E-05	5.67E-05	0	0.009037514	0.00010123	0	0	0.000279538	0.000315908	0.000969794	0.008161946	0.000131135	0.000358637	0.000364962	0.008313932	0.002957556	0.000582752	0.000469708	0.000807017
aminoglycoside__aphA15	5.84E-05	0	0.000291363	0	7.90E-05	0	0.00144042	3.46E-05	0	0	0	0.000102698	0.00018485	0.000677349	0	0	0	0.000152917	0.000120336	0	0	0
beta_lactam__TLA-1	0	6.78E-05	0	0.000133754	0	0	0.000116356	3.03E-05	0	0	0	0	7.85E-05	0	0	0	3.55E-05	0.000130148	2.68E-05	0	0	0
beta_lactam__KPC-22	0	0	2.89E-05	0	0	0	0	0	0	0	0.000135649	0	0.000164872	3.10E-05	0	0	3.73E-05	8.30E-05	0.000135386	0	0	0
beta_lactam__CTX-M-69	0	0	2.91E-05	0	0	0	0	0	0	0	0	0	0	0	0	0	0	0	0	0	0	0
tetracycline__tet(L)	7.54E-05	0	0.001014679	0	0	0	0.00137642	4.42E-05	0	0	0.000253548	0	0.000289083	7.49E-05	0	0	0	0.000601907	0.000681219	0.000227625	0	0
aminoglycoside__AAC(6')-Ib-Hangzhou	0.00019001	0	0.000345707	6.17E-05	5.20E-05	5.80E-05	0.003006794	0	0	0	5.12E-05	5.85E-05	0.000351072	0.00083151	0	0	0	0.001685295	0.001714235	0	0.000127903	0.000424496
tetracycline__tet(38)	3.65E-05	0	0	0	0	0	0	0	0	0	0	0	0	0	0	0	0	0	0	0	0	0
multidrug__qacB	0	0	0	0	0	0	0	0	0	0	0	0	0	0	0	0	4.30E-05	1.45E-05	0	0	0	0
beta_lactam__TUS-1	0	0	0	0	0	0	2.95E-05	0	0	0	0	0	0	0	0	0	0	0	0	0	0	0
beta_lactam__RSD2-1	0	0	0	0	0	0	0.000711975	0	0	0	3.43E-05	0	0.00042868	0.000140008	0	0	0	0.000122318	0.000620074	0	0	0
trimethoprim__dfrB7	0	0	0	0	0	0	0	0	0	0	0	0	0	0	0	0	0.000130595	0	0.000207324	0	0	0
beta_lactam__SFH-1	0	0	0	0	0	0	0	0	0	0	0	0	0	0	0	0	0.000135385	0	0	0	0	0
beta_lactam__CARB-3	5.40E-05	0.000170522	0.000164249	0.000369695	0	0	0.000108254	8.11E-05	0.000130303	0.000149532	0.00088865	0	7.31E-05	0.000134886	0	7.11E-05	2.71E-05	0.000160767	0.000259882	0.000105243	0.00052746	0.002977654
macrolide-lincosamide-streptogramin__erm(42)	0	0	0	0	0	0	4.86E-05	0	0	0	0	0	0	5.98E-05	0	0	0	0	2.40E-05	0	0	0
macrolide-lincosamide-streptogramin__mph(N)	0	0	0	0	0	0	0	0	0	0	6.08E-05	0	0	0	0	0	3.62E-05	0	0	0	0	0
beta_lactam__EBR-1	0	0	0	0	0	0.000284774	0	0	0	0	0	0	0	0	0	0	0	0	0	0	0	0
tetracycline__tet(48)	0	0	0	0	0	0	0	0	0	4.91E-05	0	0	0	0	0	0	0	0	0	0	0	0
beta_lactam__OXA-23	0	0	0	0	0	0	2.62E-05	0	0	0	0	0	0	3.20E-05	0	0	3.74E-05	2.97E-05	0	0	0	0
tetracycline__tet(54)	2.10E-05	0	0	0	0	0	1.92E-05	0	0	0	4.64E-05	0	6.23E-05	0	6.82E-05	0	5.63E-05	0	2.08E-05	4.61E-05	0	0
beta_lactam__OXA-919	0	0	9.24E-05	0	0	0	0	0	0	0	0	0	0	0	0	0	0	0	3.00E-05	0	0	0
beta_lactam__OXA-34	6.39E-05	0	0.000231368	4.04E-05	0	8.65E-05	0.000698048	7.25E-05	0	0	0.000130858	7.67E-05	0.000141934	0.000451844	0	0	0	0.00037983	0.000130964	0	0	5.87E-05
beta_lactam__OXA-53	5.73E-05	0.000347286	0	3.32E-05	0	0	0.000260835	9.33E-05	7.94E-05	0.000321205	8.96E-05	0	0	6.48E-05	0	0	0	8.84E-05	0	3.36E-05	4.00E-05	5.60E-05
tetracycline__tet(43)	0.000337547	0.00027022	0.000353034	0.000140184	0.000686834	0.001398275	0.000362327	0.00047388	0.000139068	0.002364634	0.000915498	0.00170649	0.001598474	0.0015186	0.000791385	0.001029082	0.003218822	0.000912055	0.000420539	0.000549041	0.000142303	5.82E-05
beta_lactam__SGM-5	0	0	0	0	0	0.025348456	2.29E-05	0	0	0	0	0	6.65E-05	0	0	0	0.000450305	2.49E-05	0	0	0	0
aminoglycoside__AAC(6')-Iz	0	0	0	0	0	0	0	0	0	0	0	0	0	0	0	0	0	5.41E-05	0	0	0	0
macrolide-lincosamide-streptogramin__clcD	0	0	2.33E-05	0	0	3.19E-05	0.000121779	0	0	0	2.42E-05	0	0	0	0	0	0	6.92E-05	7.13E-05	0	0	0
beta_lactam__CARB-1	0	0.00010979	0.000265882	0.000145092	0	0	0.000297734	3.23E-05	0	3.40E-05	0.000487073	0	0	6.06E-05	9.25E-05	0	7.67E-05	0.00033435	0.000317211	0.000127522	0.00022994	0.001145646
beta_lactam__OXA-164	0	0	3.02E-05	0	0	0	0.000939493	0	0	0	0	3.59E-05	0.000124114	0.000671095	0	0	9.72E-05	0.000320858	0.000115913	0	0	0
fosfomycin__FosA	0.000116481	0	0.001156553	0.000186287	0	0.000160889	0.003012656	0	0	0	0.000373715	0	0.00013801	0.000907829	0.000125152	0.000147133	0	0.001335544	0.004958457	0	8.15E-05	0.000100409
multidrug__mexG	1.27E-05	2.48E-05	0	7.68E-06	0	9.36E-06	0	7.36E-06	1.67E-05	0	0	0	0	0	0	8.92E-06	0	0	0	0	0	0
aminoglycoside__APH(3')-IIc	0	0	0	0	0	0	0	0	0	0	0	0	9.05E-05	0	0	0	8.27E-05	0	0	3.46E-05	0	0.000113075
beta_lactam__CRP-1	0	0	0	3.47E-05	0	0	0	0	0	0	0	0	0	0	0	0	0	0	0	0	0	0
beta_lactam__OKP-B-13	0	0	5.92E-05	3.71E-05	0	3.89E-05	0.000152776	0	0	0	0	0	0	8.77E-05	0	0	0	5.73E-05	0.000554197	0	0	0
beta_lactam__OXA-24	0	0	0	0	0	0	0	0	0	0	0	0	0	3.24E-05	0	0	0	5.17E-05	0	0	0	0
vancomycin__vanXO	8.05E-05	0	4.28E-05	0	0.000613529	0.000320066	7.23E-05	0.000412645	0	0.000240407	4.36E-05	0	5.12E-05	8.91E-05	4.24E-05	5.35E-05	0.004188382	0.000118906	4.17E-05	0	0	0
multidrug__adeH	0	0	5.26E-05	5.71E-06	7.20E-06	7.51E-06	0.000166827	6.43E-06	7.53E-06	0	1.12E-05	0	1.53E-05	8.37E-05	0	6.85E-06	0	0.000170247	8.05E-05	1.25E-05	0	3.15E-05
beta_lactam__VIM-14	0	0	0	0	0	0	0	0	0	0	3.31E-05	0	0	0	0	0	0	0	0	0	0	0
aminoglycoside__aadA21	0.00024853	0.00024127	0.000940507	0.000278249	8.02E-05	4.23E-05	0.003961191	7.08E-05	0.000166863	3.72E-05	0.000708429	0.000115584	0.000879034	0.00148768	3.35E-05	4.11E-05	0.000125546	0.002476738	0.003172632	0.000277183	0.001427135	0.000809424
beta_lactam__OXA-96	0	3.84E-05	3.02E-05	0	0	0	0.000288665	0	0	0	9.44E-05	0	4.40E-05	0.000127858	0	0	0	0.000174315	0	0	0	0
beta_lactam__TEM-117	0	0	0.0015702	4.08E-05	0	4.45E-05	0.003195894	0	0	3.86E-05	3.46E-05	0	0.00066782	0.000701345	0	4.24E-05	4.29E-05	0.001181893	0.001685195	0.000142412	4.31E-05	0.000179279
vancomycin__vanHF	7.57E-05	6.15E-05	0	0	0	0	4.35E-05	0	0	0	0.000214301	0	0	0	2.74E-05	0	0	0	0	0	0	0
beta_lactam__VIM-12	0	0	6.37E-05	0	0	0	0	3.50E-05	0	0	0	0	0	0	0	0	0	0	0	0	0	0
beta_lactam__OXA-85	0	0	0.000330055	0	0	0	0.000735649	0	8.59E-05	0	0	0	0	6.37E-05	0	0	0	0.000284003	6.63E-05	0	0	0
beta_lactam__OKP-A-4	0	0	0	0	0	0	2.55E-05	0	0	0	0	0	0	0	0	0	0	0	0	0	0	0
beta_lactam__CBP-1	0	0	0	0	0	0	2.37E-05	0	0	0	0	0	0	0	0	0	0	0	2.79E-05	0	0	0
chloramphenicol__cmlA8	1.94E-05	0	6.11E-05	0	0	0	8.61E-05	0	0	0	2.02E-05	0	8.71E-05	0.000164813	0	0	0	3.91E-05	0.000142215	0	0	3.38E-05
beta_lactam__CMY-99	0	0	0	0	0	0	3.84E-05	0	0	0	0.000162377	0	0	2.34E-05	0	0	0	4.26E-05	0.000488577	0	0	0
polymyxin__mcr-3.11	0	0	0.000217265	1.96E-05	0	0	0.000337394	0	0	0	1.63E-05	0	6.74E-05	9.98E-05	0	0	0	0.000223558	0.000505329	0	0	2.79E-05
beta_lactam__CTX-M-75	0	0	0	0	0	0	0	0	0	0	0	0	0	0	0	0	0	0	2.89E-05	0	0	0
beta_lactam__CfxA6	0	0	0.00344506	0.0001852	0	0.00013433	0.022682451	0	0	8.81E-05	0.000316762	0	0.001352218	0.002233439	0	0	0.000130759	0.007946165	0.001884803	2.73E-05	0	0
beta_lactam__CMY-9	0	0	2.22E-05	0	0	0	3.59E-05	0	0	0	0	0	0	2.38E-05	0	0	0	2.12E-05	8.95E-05	0	0	3.95E-05
beta_lactam__DHA-13	0	0	0	0	0	0	1.93E-05	0	0	0	0	0	0	0	0	0	0	0	0	0	0	0
aminoglycoside__APH(3')-VIa	0	0	3.27E-05	0	0	0	0.000624141	0	0	0	0	0	9.33E-05	0.000226633	0	0	0	0.000622199	0.000711424	0	0	0
aminoglycoside__ANT(6)-Ia	0.002500869	0	0.004094601	0.000279391	0	0	0.002641958	0.000269676	9.21E-05	0	0.009184906	0	0.000345105	0.000698445	0.000511625	4.56E-05	0.000200585	0.002160469	0.001550111	0.000815576	0	0
beta_lactam__MIR-2	2.13E-05	0	2.22E-05	0	0	0	5.60E-05	0	0	0	0	0	3.17E-05	2.38E-05	0	0	0	2.13E-05	8.97E-05	0	0	0
beta_lactam__OXA-72	0	0	0	0	0	0	0	0	0	0	0	0	0	3.24E-05	0	0	0	5.54E-05	0	0	0	0
multidrug__emrD	0.00032341	0	0.011678902	0.000502356	5.50E-05	0.000552651	0.012698365	0	0	7.46E-05	0.000524402	0	0.000807635	0.002189541	4.58E-05	0	0.000221816	0.007039318	0.024577655	0	2.85E-05	0.000268913
beta_lactam__CMH-1	0	0	3.99E-05	0	2.74E-05	0	0.00048143	0	0	0	6.84E-05	0	0	9.40E-05	0	0	0	5.95E-05	0.000966787	4.75E-05	0	0
multidrug__mefF	4.18E-05	0	6.10E-05	0	0	0	0.00052626	0	0	0	4.48E-05	0	0	0.000134121	0	0	0	0.000119192	3.37E-05	0	0	0
vancomycin__vanXD	0	0	0	0	0	0	0.000290869	3.86E-05	0	0	4.36E-05	0	0	0	0	0	0	0	0	3.56E-05	0	0
tetracycline__tet(41)	0	0	2.16E-05	0	5.09E-05	0	0	0	0	0	0	9.77E-05	0.000366878	5.18E-05	0	7.47E-05	8.40E-05	2.10E-05	0	0	0	0
beta_lactam__OXA-21	0.000208125	0.00011498	0.000920838	7.56E-05	0	8.08E-05	0.003825757	3.46E-05	0	0	0.000417888	9.11E-05	0.002447641	0.005243671	9.63E-05	0	8.03E-05	0.002851179	0.001541136	3.29E-05	0.00011918	9.97E-05
beta_lactam__CcrA-beta-lactamase	0	0	0.000172628	0	0	0	0.000174879	0	0	0	0	0	0	0	0	0	8.87E-05	0.000130899	0	0	0	0
beta_lactam__LRG-1	0	0	0	0	0	0	0.000231419	0	0	0	0	0	0	0	0	0	0	0	2.58E-05	0	0	0
quinolone__QnrB73	0	0	0	0	0	0	0	0	0	0	0	0	5.64E-05	0	0	0	0	0	0	0	0	0
vancomycin__vanC	0	7.27E-05	0	0	0	0	4.34E-05	0	0	0	1.99E-05	0	0	2.60E-05	0	0	0	0	0	0	0	0
beta_lactam__GES-15	0.000310406	0.000257069	0.001858627	0.000541003	0.000944518	0.000154924	0.013114244	0.000292713	0.00048667	0.000138568	0.001446886	0.000561798	0.000536731	0.008606423	3.14E-05	0.001212695	0.000422101	0.008982799	0.011457576	0.000190342	0.000733678	0.005966096
beta_lactam__CTX-M-144	0	0	0	0	0	0	0	0	0	0	0	0	0	0	0	0	0	2.79E-05	0	0	0	0
beta_lactam__CGB-1	0	0	0	0	0	4.59E-05	0	0	0	0	0	0	0	0	0	0	0	0	0	0	0	0
macrolide-lincosamide-streptogramin__srm(B)	0	0	0	0	0	0	0	0	0	8.90E-05	0	0	0	0	0	0	0	0	0	0	0	0
beta_lactam__ALG11-1	0	0	0	0	2.96E-05	2.92E-05	0	0	0	0	0	0	0	2.53E-05	0	2.92E-05	0	0	0	0	0	0
beta_lactam__CAU-1	0	0	0	0	0	0	7.41E-05	6.54E-05	0	0	0	0	0	6.16E-05	0	0	0	0.000105339	2.97E-05	0	0	0
polymyxin__mcr-1.5	0	0	0	0	0	0	4.11E-05	0	0	0	0	0	0	0	0	0	0	0	4.61E-05	0	0	0
beta_lactam__ACT-2	0	0	0	0	0	0	5.83E-05	0	0	0	0	0	0	2.38E-05	0	0	0	2.13E-05	0.000109524	0	0	0
vancomycin__vanUG	0	0	0.002032757	0	0	0	0.002131506	0	0	0	0.000431622	0	0.000299047	0.000225342	0	0	0	0.000302225	0.000707499	0	0	0
beta_lactam__LUT-4	0	0	2.63E-05	0	0	0	0	0	3.61E-05	0	0	0	0	0	0	0	0	0	0	0	0	0
beta_lactam__MSI-OXA	0	0	0	0	0	0	0	0	0	0	0	0	0	0	0	0	3.69E-05	0	0	0	0	0
multidrug__MexA	5.50E-05	0.000122214	0.000426165	5.19E-05	5.71E-05	3.02E-05	0.000846564	4.86E-05	2.94E-05	9.71E-06	0.00017946	0	0.001003643	0.000405978	1.61E-05	0	4.65E-05	0.000729638	0.000864236	1.66E-05	4.04E-05	9.38E-05
chloramphenicol__cmlA4	0.00020712	4.57E-05	0.000261283	0.000424735	2.49E-05	5.41E-05	0.002171461	2.22E-05	0	9.45E-05	4.21E-05	2.45E-05	0.000144912	0.000338937	0	0	4.37E-05	0.000310116	0.00069475	0	0	0
beta_lactam__SHV-45	0	0	0	0	0	0	0	0	0	0	0	0	0	0	0	0	0	0	2.94E-05	0	0	0
aminoglycoside__aadA15	0	0	5.13E-05	0.000155658	0	0	0.000111703	0	0	0	6.02E-05	0	4.59E-05	0.000101574	0	0	0	9.18E-05	0.000240935	6.88E-05	0	0
beta_lactam__OXA-211	0	0	0.000241616	0	0	0	0.000604667	0	0	0	0	3.75E-05	8.82E-05	0.000684464	0	0	0.000479582	0.001631568	0.000238156	0	0	0.000110187
beta_lactam__CTX-M-40	0	0	0	0	0	0	0	0	0	0	0	0	0	0	0	0	0	2.85E-05	2.90E-05	0	0	0
beta_lactam__OXA-348	0	0	0	0	0	0	8.08E-05	0	0	0	0	0	0	3.33E-05	0	0	0	3.03E-05	0	0	0	0
vancomycin__vanYG1	5.71E-05	0	3.10E-05	0	0	0	0.000206946	0	0	0	0	0	0	0	0	0	0	2.91E-05	2.66E-05	6.48E-05	0	0
beta_lactam__MIR-14	0	0	0	0	0	0	5.83E-05	0	0	0	0	0	0	0	0	0	0	0.00010509	0.000153244	0	0	0
aminoglycoside__AAC(6')-Ie-APH(2'')-Ia	0.00304383	0.000220487	0.008954294	0.00034709	0.000273304	0	0.020975023	0.000249506	9.07E-05	0.000386663	0.003364304	0.000726543	0.001143014	0.006564677	0.000121422	0.000383152	0.000432996	0.016678594	0.005404215	0.000684116	4.36E-05	0.000251991
beta_lactam__CTX-M-27	0	0	8.73E-05	0	0	0	2.51E-05	0	0	0	0	0	0	0	0	0	0	0	0	0	0	0
quinolone__QnrB50	0	0	0	0	0	0	0	0	0	0	0	0	0	4.16E-05	0	0	0	0	0	0	0	0
puromycin__puromycin-resistance-protein	3.17E-05	4.02E-05	0	3.96E-05	0	2.12E-05	0	1.78E-05	2.08E-05	5.40E-05	1.68E-05	0	0	0	5.05E-05	0.000102233	7.89E-05	0	0	0	0	0
beta_lactam__MOX-8	0	0	0.000186844	0	0	0	0.000377292	0	0	0	2.30E-05	5.31E-05	0.000254833	0.000139973	0	0	0	0.00020865	0.00050934	0	2.87E-05	3.94E-05
tetracycline__tet(J)	0	0	0	0	0	0	4.91E-05	0	0	0	0	0	0	0	0	0	0	0	0	0	0	0
rifamycin__rgt1438	0	0	0	0	0	0	0	0	0	0	0	0	2.94E-05	0	0	2.42E-05	0	3.62E-05	1.96E-05	0	0	0
beta_lactam__OXA-20	0	3.96E-05	5.78E-05	0	0	4.09E-05	0.000132868	6.57E-05	0	0	5.14E-05	0	4.54E-05	0.000227501	0	0	0	0.000170427	4.91E-05	5.90E-05	0	0
multidrug__Other_major_facilitator_superfamily_transporter	0.00089303	0.000158402	0.001370063	0.000125292	0	0.001506501	0.000575592	0.00016005	0	8.61E-05	0.001789705	4.49E-05	2.64E-05	9.81E-05	0	3.36E-05	8.66E-05	0.000185194	0.000648031	0.000201892	2.18E-05	0
beta_lactam__GIL-1	0	0	0	0	0	0	0	0	7.48E-05	3.42E-05	0	0	0	0	0	0	0	2.83E-05	0.000149507	0	0	0
beta_lactam__ACT-29	4.31E-05	0	0.000307249	0	0	0.000461601	0.001033239	0	0	5.25E-05	4.63E-05	5.34E-05	0	9.31E-05	0	0	0	0.000193357	0.001548067	0	0	0
quinolone__QnrB13	0	0	4.04E-05	0	0	0	0	0	0	0	0	0	0	0	0	0	0	0	0	0	0	0
beta_lactam__VIM-11	0	0	3.18E-05	0	0	0	0	0	0	0	0	0	0	0	0	0	0	0	0	0	0	0
trimethoprim__dfrA8	0	0	0	0	0	0	4.32E-05	0	0	0	0	0	0	0	0	0	0	0	0	0	0	0
beta_lactam__OXA-324	0	0	6.20E-05	0	0	0	5.35E-05	0	0	0	0	0	0	0.000225662	0	0	0	8.55E-05	0	0	0	0
multidrug__tolC	0.000100963	8.94E-05	0.011655765	0.000415308	6.29E-05	0.000187071	0.006785859	4.05E-05	2.31E-05	0.000282734	0.001604152	2.87E-05	0.001539379	0.001600611	3.72E-05	7.12E-06	0.000285909	0.002795812	0.012199604	6.30E-05	0.000152392	0.000843368
beta_lactam__CMY-48	0	0	0	0	0	0	0.000116508	0	0	0	6.94E-05	0	3.23E-05	0.000140852	0	0	0	0.000107695	6.65E-05	0	0	0
aminoglycoside__APH(4)-Ia	0	0	0.000174881	0	0	0	0	0	0	0	0	0	0	0	0	0	0	0	0	0	0	0
beta_lactam__FOX-3	0	0	2.22E-05	0	0	0	0	0	0	0	0	0	0	0	0	0	0	0	0	0	0	0
quinolone__lfrA	0.000346277	0.000125901	0.000308667	0.00023905	0.000103092	0.000234956	0.00090807	0.000237581	0.000170611	0.003752239	0.000551303	0.001359119	0.003581596	0.001638074	0.000750272	0.00045804	0.000324468	0.002545456	0.001355045	0.000420375	0.000314455	0.00035514
beta_lactam__OXA-151	2.68E-05	0	0	0	0	0	0	0	0	0	0	0	0	0	0	0	0	0	0	0	0	0
beta_lactam__MIR-17	0	0	4.49E-05	2.73E-05	0	0	3.84E-05	0	0	0	0	0	0	2.34E-05	0	0	0	2.13E-05	6.63E-05	0	0	0
beta_lactam__GES-17	5.66E-05	0	0.000176467	3.62E-05	0	0	0.000610533	3.25E-05	3.88E-05	6.82E-05	8.90E-05	0	0.000117651	8.99E-05	0	0	0	0.000318797	0.000755103	0	0	0.000845859
beta_lactam__crxA	0	0	9.73E-05	0	0	0	4.18E-05	0	0	0	0	0	0	0	0	0	0	0	0	0	0	0
beta_lactam__OXA-152	2.85E-05	0	0	0	0	0	0	0	0	0	6.06E-05	0	0	0	0	0	0	0	0	0	0	0
rifamycin__arr-2	9.32E-05	0	0.001329155	0.000130097	0.000172445	0.000409496	0.004019275	0.000115524	0.000280959	0	0.000509009	5.92E-05	0.000737828	0.000563802	9.84E-05	0.000135363	0	0.000774529	0.004527342	0	0	0.00048508
fosfomycin__FosA5	0	0	0.00116645	0	0	8.16E-05	0.002390305	0	0	0	0.000498125	0	8.87E-05	0.00025102	0	0	0	0.001228387	0.005512433	0	0	0
trimethoprim__dfrA6	0.00010461	0	0.025863071	0.0003864	0	0	9.31E-05	0	0.000139051	0.000124744	0.000761753	0	0	0	0	0	0	0	0.005471074	0	0	0.000484675
chloramphenicol__Bacillus-clausii-chloramphenicol-acetyltransferase	0	0	3.64E-05	0	0	0	0.00014651	0	0	0	0	0	0	0.00011637	0	0	0	0	0	0	0	0
aminoglycoside__AAC(6')-Ic	0	0	0	0	0	0	0	0	0	0	0	0	8.10E-05	6.10E-05	0	0	0	0	0	0	0	0
macrolide-lincosamide-streptogramin__linG	0.002157266	0.000414438	0.001447411	0.000641782	0.000216843	0	0.001013837	0.002007864	0.00071889	3.66E-05	0.007787902	0.00018433	0.000219383	0.000550509	0.001226819	0.000279715	0.000395532	0.000858165	0.002179561	0.000331928	0.000241752	0.000332899
beta_lactam__CARB-7	0	0.000743134	0	0.000684953	0.000425886	3.86E-05	0	0	0.000105195	6.66E-05	9.24E-05	0	0	0	0	0	0	0	2.92E-05	0	0.001453687	0.000843992
beta_lactam__KPC-17	0	0	5.84E-05	0	0	0	0	0	0	0	6.08E-05	0	0.000201043	0.000153197	0	0	0	0.000106725	0.000256119	0	0	0
polymyxin__mcr-1.11	0	0	1.53E-05	0	0	0	0	0	0	0	0	0	0	1.68E-05	0	0	0	0	0	0	0	0
beta_lactam__CTX-M-45	0	0	2.93E-05	0	0	0	0	0	0	0	0	0	0	0	0	0	0	0	0.000143796	0	0	0
polymyxin__mcr-3.7	0	0	0.000265191	0	1.97E-05	0	0.000430012	0	0	0	0	0	0.000309792	0.000318779	0	0	2.02E-05	0.000384116	0.001101122	0	2.03E-05	8.37E-05
polymyxin__mcr-3.8	0	0	0.000592503	1.92E-05	0	3.70E-05	0.001168705	0	0	0	3.26E-05	3.50E-05	0.000374721	0.000604076	0	0	5.87E-05	0.000829095	0.002558037	0	0	2.80E-05
beta_lactam__cphA3	0	0	3.40E-05	0	0	0	8.34E-05	0	0	0	0	0	0	6.44E-05	0	0	0	0.000186296	0.000354939	0	0	0.000223171
beta_lactam__Klebsiella-pneumoniae-OmpK37	8.03E-05	4.95E-05	0.006838344	0.000290949	5.58E-05	0.000231706	0.00878806	0	0	5.24E-05	0.000441431	2.69E-05	0.000728198	0.001626803	0	0	0.000147341	0.004580437	0.018954273	0	0.000114643	0.000558485
beta_lactam__OXA-308	0	0	0	0	0	0	0	0	0	0	0	0	0	3.13E-05	0	0	0	0	0	0	0	0
multidrug__mexN	2.51E-06	3.29E-05	5.02E-05	1.64E-05	0.000141688	0.00010788	7.89E-05	5.32E-06	1.76E-05	1.89E-05	3.30E-05	0.000162969	0.001329399	0.000160561	6.63E-05	0.000120149	0.000148302	7.91E-05	6.04E-05	2.62E-05	5.47E-05	9.61E-06
beta_lactam__FPH-1	0	7.32E-05	0	0	0	0	0	0	0	0	0	0	0	0	0	0	0	0	0	0	0	0.000208591
beta_lactam__TEM-205	0	0	2.96E-05	0	0	0	0	0	0	0	0	0	0	0	0	0	0	0	0	0	0	0
quinolone__QnrB8	0	0	0	0	0	0	0	0	0	0	0	0	0	4.25E-05	0	0	0	3.87E-05	0	0	0	0
beta_lactam__VIM-18	0	0	0.000255322	0	0	0	0	0	3.49E-05	0	3.43E-05	0	0	0	0	0	0	0	0	0	0	0
beta_lactam__PLA-2a	0	0	2.91E-05	0	0	0	0	0	0	0	0	0	0	0	0	0	0	0	8.56E-05	0	0	0
beta_lactam__CMY-10	0	0	0	0	0	0	5.78E-05	0	0	0	0	0	0	4.52E-05	0	0	0	6.37E-05	4.45E-05	0	0	0
macrolide-lincosamide-streptogramin__vga(B)	0	0	0	0	0	0	0	0	0	1.74E-05	0	0	0	0	0	0	0	0	0	0	0	0
tetracycline__tet(35)	0.000191973	7.93E-05	0.014162278	0.00056104	0	8.79E-05	0.001047922	0.000112803	0.000307284	0.000116441	0.00346087	2.73E-05	0.000122232	0.000179265	4.05E-05	0	2.84E-05	0.000395021	0.005700367	0.000106532	0.000238476	0.000485904
beta_lactam__KPC-5	0	0	2.89E-05	0	0	0	0	0	0	0	0	0	0	0	0	0	0	0	0	0	0	0
beta_lactam__ACI-1	0	0	0.000270236	0	0	0	0.000399069	0	0	0	0	0	0	6.21E-05	0	0	0	0.000139235	0.000260003	0	0	0
aminoglycoside__AAC(6')-IIc	0.000169335	0	8.78E-05	0	0.000217356	0	0.001884549	0	0	0	4.57E-05	0.000313947	0.001128895	0.000814479	0.000180065	5.60E-05	0	0.001952841	0.001112196	4.59E-05	0	0
aminoglycoside__APH(6)-Ia	0	0	2.82E-05	0	0	6.06E-05	0	0	0	0	0.00011599	3.01E-05	0	0	0	0	0	0	4.87E-05	0	0	0
multidrug__mdtH	0.000232878	0	0.010412723	0.000258602	0.000115674	0.00047585	0.011626493	4.68E-05	2.72E-05	0	0.000762015	0.000182303	0.001091631	0.002619695	0	0	0.000351422	0.00505314	0.022017205	0	0.000129735	0.000627733
beta_lactam__OXA-28	6.11E-05	0	3.05E-05	0	0.000381056	0	0.000931196	0	8.21E-05	0	0	0	0	0.000369604	0	8.30E-05	0.000124131	0.000243823	3.16E-05	0	0	0.000169093
beta_lactam__SHV-76	0	0	0	0	0	0	2.61E-05	0	0	0	0	0	0	0	0	0	0	0	0	0	0	0
beta_lactam__MIR-9	0	0	0	0	0	0	0.000115856	0	0	0	0	0	0	0	0	0	0	2.13E-05	4.46E-05	0	0	0
chloramphenicol__catD	0.000181124	0	0.001398328	5.02E-05	0	0	0.001230377	4.50E-05	0.000105297	8.40E-05	0.000240659	0	0	0.000369816	4.26E-05	0	0	0.000682994	0.000259658	8.72E-05	0	0.000142411
other_peptide_antibiotics__microcin-efflux-pumu-gene-yojI	0.000178938	0	0.010216686	0.000247402	5.68E-05	0.000221877	0.010190722	0	0	8.73E-05	0.000785454	9.16E-05	0.000865113	0.002118939	1.61E-05	7.95E-05	0.000179866	0.005270247	0.014478103	0.000115051	3.94E-05	0.000620652
polymyxin__almG	0	0	0.000154492	0	0	0	0	0	0	0	0	0	0	0	0	0	0	0	9.25E-05	0	0	0
trimethoprim__dfrA22	0	0	0	0	0	0	0.000132858	0	0	0	0	0	0.000340573	0	0	0	0	0	0.00029349	0	0	0
aminoglycoside__APH(3'')-Ia	0	0	0	0	0	0	0	0	0	0.000729579	0	0	0	0	0	0	0	0	0	0	0	0
multidrug__mdtL	8.06E-05	0	0.00993398	0.000185122	0	0.000314385	0.00894117	0	2.72E-05	0.000125733	0.000622956	0	0.000580469	0.001205544	0	0.000137451	0.000195566	0.005033692	0.016076817	9.15E-05	0.000140661	0.000772649
vancomycin__vanXA	0	0	0	0	0	0	0	0	0	0	0	0	0	4.23E-05	0	0	0	0	0	0	0	0
beta_lactam__ESP-1	0	0	0.000175834	0	0	0	0.000550737	0	0	0	0.000152556	7.01E-05	4.08E-05	0.000397294	0	0	7.46E-05	0.000944784	0.000114877	0	0	0
polymyxin__mcr-9.1	0	0	4.43E-05	1.93E-05	0	2.10E-05	0.000235171	0	0	3.63E-05	1.50E-05	0	0.000113402	6.30E-05	0	0	0	6.05E-05	0.000277815	0	0	2.80E-05
trimethoprim__DfrA34	0	0	0	0	0	0	0	0	0	0	0	0	0	0	0	0	0	3.31E-05	0	0	0	0
tetracycline__tet(Z)	0	0	4.41E-05	0	0	0	3.84E-05	0	0	0	0	0	3.15E-05	4.69E-05	2.30E-05	0	5.64E-05	0	0	0	0	0
beta_lactam__GPC-1	0	0	0	0	0	0	0.000172223	0	0	9.42E-05	2.97E-05	3.46E-05	4.07E-05	6.00E-05	0	0	0	0.000555961	0.000170567	0.000153485	0	0
beta_lactam__OXA-45	3.08E-05	0	9.62E-05	0	0	0	2.60E-05	0	0	0	0	0.000187502	0	6.81E-05	0.000100946	4.10E-05	4.14E-05	0.000246924	0	0	0	0
beta_lactam__OXA-280	0	0	3.14E-05	0	0	0	0	0	0	0	0	0	0	0	0	0	0	0	0	0	0	0
beta_lactam__TMB-1	0	0	0	0	0	0	0	0	0	0	9.54E-05	0	0	0	0	0	0	0	0	0	0	0.000120714
macrolide-lincosamide-streptogramin__ereA2	3.98E-05	5.22E-05	0	0	0	0	1.83E-05	4.61E-05	2.73E-05	0	0.000129152	0	3.02E-05	1.83E-05	0	0	0	3.97E-05	2.06E-05	0	2.70E-05	0
aminoglycoside__AAC(3)-Ib	0	0	0.00099489	4.58E-05	0	0	8.30E-05	0.000146868	0.000122774	0.000743739	0.000705064	0	0	0.000305633	0	0	0	0.000397647	0.000494679	0.000131076	0.000167087	7.18E-05
beta_lactam__GES-5	8.50E-05	0	0.000369798	2.88E-05	0.000140231	3.87E-05	0.001880946	9.47E-05	7.68E-05	0	0.00038851	6.94E-05	0.000275665	0.001317684	0	0.000188402	7.70E-05	0.001745591	0.001626881	6.37E-05	6.10E-05	0.000678405
multidrug__qacH	0.004743703	0.000862348	0.005081894	0.000825318	0.000977603	0.000781614	0.042085222	0.000832829	0.000200489	0.000267065	0.003040972	0.005851923	0.005899523	0.029504323	0.001848125	0.002377538	0.003277534	0.040291924	0.015487856	0.001832125	0.004932517	0.003223564
beta_lactam__LEN-3	0	0	0	0	0	0	2.67E-05	0	0	0	0	0	0	0	0	0	0	0	3.13E-05	0	0	0
aminoglycoside__ANT(3'')-Ii-AAC(6')-IId-fusion-protein	0	0	0.000160907	0	0	2.40E-05	0.000385537	0	0	0	7.15E-05	3.86E-05	0.000210269	0.000154253	0.000111228	7.01E-05	0.000105045	0.000274442	0.000226244	0	0	0
beta_lactam__OXY-5-1	0	0	0	0	0	0	5.04E-05	0	0	0	0	0	0	0	0	0	0	0	2.96E-05	0	0	0
beta_lactam__IMP-20	0	0	0	0	0	0	0	0	0	0	0	0	0	0	0	0	0	0	0	0	0	5.51E-05
quinolone__QnrB57	0	0	3.75E-05	0	0	0	0	0	0	0	0	0	0	0	0	0	0	0	0	0	0	0
macrolide-lincosamide-streptogramin__mph(O)	0	0	5.34E-05	0	0	0	0	0	6.89E-05	0	0	0	0	0	0	0	0	0	0	0	0	0
chloramphenicol__Campylobacter-coli-chloramphenicol-acetyltransferase	0.00031284	0	0.001146728	0	0	0	0.002722399	9.05E-05	0	0	0.00071764	9.78E-05	4.52E-05	4.28E-05	0	0	5.26E-05	0.0011992	0.000914508	4.37E-05	0	0.000291001
aminoglycoside__AAC(3)-Ia	8.19E-05	0	0	0	0	0.000126684	0	0	0	0	0	0.000177388	0	0	0	0	0	0	0.000217441	0.000348737	0.000202618	0.005091206
beta_lactam__AST-1	0	0	0	0	3.23E-05	0	0	0	0	0.004109061	0	0	0	0	0	0	0	2.62E-05	0	5.60E-05	0	0
beta_lactam__VIM-39	0	0	0	0	0	0	0	0	0	0	3.31E-05	0	0	0	0	0	0	0	0	0	0	0
beta_lactam__PER-5	0	0	0	0	0	0	0	0	0	0	0	0	0	0	0	0	0	0	2.79E-05	0	0	0
multidrug__MuxC	0.000101791	0.000104089	0.000463056	7.69E-05	0.000672881	0.000384367	0.000855411	9.80E-05	9.62E-05	0.000201838	0.000186208	0.000843723	0.000752327	0.000952024	0.000510764	0.001009907	0.00073017	0.000840672	0.001059677	0.000203141	0.000425854	0.000189919
beta_lactam__FOX-9	0	0	0	2.72E-05	0	0	0.000134291	0	0	0	0	0	0	0	0	0	0	4.24E-05	2.25E-05	0	0	0
beta_lactam__VIM-4	0	0	9.41E-05	0	0	0	0	0	0	0	0	0	0	0	0	0	0	0	0	0	0	0
vancomycin__vanTC	0	0	4.85E-05	0	0	0	0	0	0	0	0	0	0	0	0	0	0	0	0	2.59E-05	0	0
beta_lactam__OXA-236	0	0	3.07E-05	0	0	0	0	0	0	0	0	0	0	0	0	0	0	0	0	0	0	0
beta_lactam__OXA-2	0.000767664	5.07E-05	0.000882473	0.000147079	0.000357039	5.24E-05	0.006023305	0.000262684	9.04E-05	9.24E-05	0.001072875	0.00031488	0.001879892	0.002704668	2.55E-05	0.000206125	5.05E-05	0.00401771	0.002205364	4.27E-05	0.000273662	0.000302356
beta_lactam__ADC-68	0	0	2.26E-05	0	0	0	0	0	0	0	0	0	0	0	0	0	0	0	0	0	0	0
beta_lactam__CMY-12	0	0	0	0	0	0	1.92E-05	0	0	0	0	0	0	0	0	0	0	0	0	0	0	0
quinolone__QnrS8	0	0	0.00011735	0	0	0	0.000470636	0	0	0	0	4.62E-05	5.54E-05	4.08E-05	0	0	0	7.44E-05	0.000499415	0	0	0
macrolide-lincosamide-streptogramin__lnu(D)	0.006704657	0.000129846	0.000854782	0.000184954	0.000114262	0	0.005444913	0.001446346	6.79E-05	0.000114545	0.00291915	0.000294318	0.000554551	0.001464903	0.004066841	5.11E-05	0.000643451	0.004652816	0.005280483	0.00382726	0.000130036	0.000185971
beta_lactam__CARB-8	0	0	8.24E-05	0	0	0	0.001251556	0	0	0	0.000118889	3.45E-05	0	0.001607498	0	0	0	0.000635156	0.000197654	0	0	0
polymyxin__ugd	0.01290788	0.010351325	0.057841779	0.008203585	0.009270161	0.024687287	0.065600779	0.008620514	0.006997037	0.006797803	0.027215537	0.006033247	0.017200601	0.027237146	0.005217253	0.005597127	0.005098513	0.039072965	0.068078885	0.013299357	0.011088795	0.054245461
fosfomycin__FosA3	0	0	0.000220451	0	0	0	5.08E-05	0	0	0	0	0	0.000569732	5.40E-05	0	7.68E-05	0	0.000112699	0	0	0	0
tetracycline__tet(37)	6.45E-05	0	0.000236873	0	0	0	0.005554939	0	0	0	0	0	0.000492934	0.001112241	6.34E-05	0	0.000177653	0.002558369	0.000451568	0.000136707	0	0
beta_lactam__CMY-85	0	0	0	0	0	0	0	0	0	0	2.31E-05	0	0	0	0	0	0	0	2.21E-05	0	0	0
beta_lactam__FAR-1	0	0	0	3.57E-05	0	0	0	0	0	0.001939232	0	0	0	0	0	0	0.000853337	0	5.67E-05	0	0	0
beta_lactam__TEM-94	0	0	0	0	0	0	2.03E-05	0	0	0	0	0	0	0	0	0	0	4.98E-05	2.70E-05	0	3.92E-05	0
beta_lactam__CTX-M-15	0	0	0	0	0	0	2.51E-05	0	0	0	0	0	0	0	0	0	0	0	0	0	0	0
beta_lactam__MOX-4	0	0	0.000266973	0	2.73E-05	5.82E-05	0.001330031	0	0	0	4.61E-05	0	0.00012775	0.000397708	0	0	0	0.000573449	0.000662168	0	0	0.000118552
fosfomycin__FosA7	0	0	0.000167915	0	0	0	0.00025884	0	0	0	0	0	8.45E-05	0	0	0	0	5.79E-05	0.00027353	0	0	0
aminoglycoside__AAC(6')-It	0	0	0	0	0	0	0	0	0	0	0	0	0	0	0	0	0	5.55E-05	0	0	0	0
macrolide-lincosamide-streptogramin__ole(C)	0	1.85E-05	0	0	0	0	0	4.85E-05	0	5.90E-05	6.20E-05	2.59E-05	0	3.58E-05	0.000135742	0.000114085	0.000159945	2.55E-05	2.11E-05	6.25E-05	3.45E-05	0
quinolone__QnrB68	0	0	0	0	0	0	0	0	0	0	0	0	0	0	0	0	0	0	3.93E-05	0	0	0
beta_lactam__CARB-4	0.000379028	0.000146386	0.008552048	0.000254096	7.17E-05	0.000153599	0.001603621	0.000612431	0.000819129	0.000269929	0.007187453	0	0.000248179	0.000249876	3.06E-05	0	3.80E-05	0.000215431	0.007766889	0.001700082	0.005414108	0.006916667
beta_lactam__OXA-106	0	0	0	0	0	0	0	0	0	0	0	0	0	3.25E-05	0	0	0	0	0	0	0	0
beta_lactam__TEM-91	0	0	0	0	0	0	2.55E-05	0	0	0	0	0	0	0	0	0	0	0	2.88E-05	0	0	0
beta_lactam__OXA-405	0	0	0	0	0	0	0	0	0	0	0	0	0	0	0	0	0	0	3.26E-05	0	0	0
sulfonamide__sul4	0.00055376	0.006589351	0.002069424	0.003943705	0.000278978	0.01097434	0.000574161	0.004619832	0.0093228	0.004390312	0.002917583	0.000981178	0.000564212	0.00087128	0.000948637	0.001195777	0.000516938	0.00075462	0.00064082	0.001375479	0.001626137	0.000462646
beta_lactam__OXA-281	0	0	2.40E-05	0	0	0	5.39E-05	0	0	0	0	0	0	0.000261317	0	0	0	0.00044382	3.07E-05	0	0	0
beta_lactam__PAU-1	0.000166463	0.000107916	0.00031562	0.000283061	0	0.000151752	0.001037265	0	0	0	0	0	0.000121131	0.000947093	0.00018068	0.000214674	0.000261171	0.000822175	0.000259636	0	0	5.15E-05
beta_lactam__OXA-142	0	7.92E-05	0	3.99E-05	0	0	0.000331329	3.50E-05	0.000123108	0	0	3.78E-05	9.17E-05	0.000134588	0	4.07E-05	8.22E-05	0.00046712	0.000127178	3.40E-05	0.000165409	0.000113501
beta_lactam__Other-class-C-beta-lactamase	0	0	0.000357818	0	0	0	0.000190978	0	0	0	9.06E-05	0	3.20E-05	0	0	0	0	0.000213482	0.000155426	0	0	4.00E-05
polymyxin__mcr-1.1	0	0	1.53E-05	0	0	0	1.30E-05	0	0	0	0	0	0	0	0	0	0	0	1.56E-05	0	0	0
multidrug__MexC	7.59E-05	3.19E-05	0.000336203	6.50E-05	7.48E-05	0.000145784	0.000922797	8.02E-06	1.87E-05	5.94E-05	0.00019638	0.000152086	0.000225428	0.000848325	1.53E-05	4.32E-05	0.000150562	0.00088396	0.000761901	4.51E-05	0.000130359	0.00014417
beta_lactam__TEM-123	0	0	0	0	0	0	5.18E-05	0	0	0	0	0	0	0	0	0	0	0	0	0	0	0
tetracycline__tet(V)	0.001685586	0.001148692	0.002026236	0.005144911	0.000654684	0.002757361	0.001292579	0.001023496	0.000851241	0.010253784	0.002673185	0.003989475	0.009702329	0.003418443	0.004998176	0.002139078	0.002464549	0.00314011	0.003962546	0.003146584	0.001229633	0.003680056
multidrug__bpeF	1.00E-05	1.64E-05	2.93E-05	2.55E-05	5.18E-05	6.65E-05	0.000158262	2.93E-06	1.36E-05	3.08E-05	3.85E-05	4.83E-05	6.50E-05	0.00020211	3.15E-05	9.85E-05	8.87E-05	0.000257871	6.05E-05	8.00E-06	2.73E-05	4.30E-05
macrolide-lincosamide-streptogramin__vat(D)	0	0	0	0	7.93E-05	0	0	0	4.37E-05	0	0	0	0	0	0	0	0	0	0	0	0	0
beta_lactam__CTX-M-47	0	0	0	0	0	0	0	0	0	0	0	0	0	0	0	0	0	0	2.95E-05	0	0	0
beta_lactam__mreA	0.000208038	3.39E-05	0.000107825	0	0	0	0.000351956	2.81E-05	3.51E-05	3.15E-05	0.000142255	3.24E-05	0	2.80E-05	0	0	0	0.000155875	0.000158471	2.97E-05	0	0
beta_lactam__KPC-12	0	0	0	0	0	0	0	0	0	0	0	0	0	3.00E-05	0	0	0	0	0	0	0	0
beta_lactam__CTX-M-12	0	0	0	0	0	0	0	0	0	0	0	0	0	0	0	0	0	0	2.89E-05	0	0	0
vancomycin__vanN	0	0	0	0	0	0	0	0	0	0	0	0	0	3.50E-05	0	0	0	0	0	0	0	0
beta_lactam__CME-1	0	0	0	0	0	0	0	0	0	0	0	0	0	0	0	0	0	8.11E-05	0	0	0	0
chloramphenicol__catA4	0	0	0	0	0	0	0	0	0	0	0	0	0	0	0	0	0	0	3.88E-05	0	0	0
beta_lactam__ACT-30	0	0	6.67E-05	0	0	2.98E-05	0.000134252	0	0	0	0	0	0	0	0	0	0	2.17E-05	0.000221753	0	0	0
quinolone__QnrS9	3.80E-05	0	0.000312405	0	0	0	0.000302356	0	0.000101164	0	8.17E-05	0	0	8.17E-05	0	0	0	3.79E-05	0.000350536	0	0	0
beta_lactam__CARB-23	0	0	2.55E-05	0	0	0	0	0	0	0	0	0	0	0	0	0	0	0	4.73E-05	0	5.76E-05	0
beta_lactam__OXA-455	0	0	0	0	0	0	0	0	0	0	0	0	0	0	0	0	0	3.01E-05	0	0	0	0
beta_lactam__KPC-3	0	0	0.000200581	0	0	0	0	0	0	0	0.000120918	0	0.000329744	0.000243131	0	0	3.73E-05	0.000111242	0.000400296	0	0	0
beta_lactam__CTX-M-3	0	0	8.32E-05	0	0	0	0.000165525	0	0	0	0	0	8.30E-05	9.18E-05	0	0	0	0	0.000145758	0	0	0
beta_lactam__TEM-7	0	0	0.000292063	0	0	0	0.000250829	0	0	0	0	0	0.000139759	3.41E-05	0	0	0	0.000124881	0.000194093	0	0	5.67E-05
trimethoprim__dfrA3	4.61E-05	0	0.001999552	0	0.000400911	6.86E-05	0.00995093	5.28E-05	0.000138885	0.000671083	0.001225593	0.00011918	0.001078673	0.001761189	0	0.000189366	0.000404884	0.002513431	0.007192227	0.000108227	0.00018707	0.000178758
multidrug__mdtM	3.95E-05	2.55E-05	0.008366021	0.000193597	0	0.000135521	0.007020567	0	0	7.08E-05	0.000449847	9.82E-05	0.000607797	0.000955015	0	0.000156558	0.000160091	0.003448234	0.010172742	2.14E-05	2.66E-05	0.000257411
beta_lactam__SHV-70	0	0	0	0	0	0	2.55E-05	0	0	0	0	0	0	0	0	0	0	0	2.94E-05	0	0	0
tetracycline__tet(M)	0.006005514	0.000512025	0.00962904	0.000662883	0.000109296	6.73E-05	0.017656913	0.002945615	0.000460076	0.000212831	0.013697964	0.000239641	0.001684368	0.004390859	0.000716516	0.00043572	0.000229871	0.007520518	0.004903086	0.001095796	6.57E-05	0.000304178
beta_lactam__CARB-5	0	0	0.000285382	0	0	0	0.003608045	0	0	0	0.000295714	6.82E-05	0	0.004395006	0	0	0	0.001693933	0.000710518	0	0	0
beta_lactam__OXA-418	0	0	0	0	0	0	2.65E-05	0	0	0	0	0	0	0	0	0	0	5.81E-05	0	0	0	0
beta_lactam__SGM-7	0	0	0	0	0	0.028160467	0	0	0	0	0	0	0	0	0	0	6.78E-05	0	0	0	0	0.000964854
multidrug__mdsC	0	1.23E-05	2.79E-05	6.75E-06	1.35E-05	6.54E-05	3.32E-05	0	0	5.43E-06	4.77E-06	6.67E-06	1.63E-05	4.05E-05	0	6.44E-06	1.46E-05	4.29E-05	6.05E-05	1.69E-05	0	0
beta_lactam__CMY-135	0	0	0	0	0	0	0	0	0	0	0	0	0	2.38E-05	0	0	0	2.13E-05	8.88E-05	0	0	0
aminoglycoside__aadA	0.004307907	0.003694671	0.012050504	0.007473239	0.003490462	0.005031186	0.040817439	0.001476994	0.00158297	0.000923156	0.007710547	0.003378265	0.006011719	0.021942859	0.001276888	0.00268326	0.002621701	0.026897036	0.021755493	0.004081429	0.006071154	0.004489023
beta_lactam__OXA-31	0	0	0	0	0	0	0	0	0	0	0	0	0	0	0	0	0	3.00E-05	0	0	0	0
quinolone__QnrD2	3.88E-05	0	3.96E-05	0	0	0	0.001640385	0	0	0	0	0	0	0.000124832	0	0	0	0.000113651	0.000313756	0	0	0
multidrug__hmrM	0	0	0.000250712	0	0	0	1.61E-05	0	0	0	0.000112789	0	0	0	0	0	0	0	0.000181716	0	0	0
aminoglycoside__AAC(6')-If	0	0	0	0	0	0	0	0	0	0	0	0	0	0	0	0	0	0	0.000108519	0	0	0
tetracycline__tetA	1.73E-05	0	0	0	0	0	7.12E-05	0	0	0	0	0	6.13E-05	0	0	0	0	2.06E-05	0	0	0	0
multidrug__mexH	0	0	0	0	0	0	0	0	0	0	0	0	0	0	0	0	0	0	0	0	1.96E-05	0
multidrug__qacE	0.003421998	0.001867444	0.004374766	0.00528358	0.000644637	0.00018767	0.018873913	0.000475162	0.00090524	0.000783027	0.003029528	0.001841096	0.004393834	0.008823707	0.000946161	0.001288084	0.000537467	0.011874897	0.014362289	0.000516753	0.005448829	0.003568045
beta_lactam__GES-11	0	0	5.88E-05	0	0	0	0.000122718	0	0	0	6.12E-05	0	0	6.25E-05	0	3.60E-05	0	2.87E-05	0.000642173	0	0	0.0003177
aminoglycoside__AAC(6')-34	0	0	0	0	0	0.000110548	0	0	0	0	0	0	0	0	0	0	0	0	0	0	0	0
beta_lactam__IMP-8	0	0	0	3.88E-05	0	0	0	0	0	0	0	0	0	0	0	0	0	0	0	0	0	0
beta_lactam__CTX-M-59	0	0	0	0	0	0	2.51E-05	0	0	0	0	0	0	0	0	0	0	0	0	0	0	0
aminoglycoside__aadA5	0.000654722	4.02E-05	0.004463843	0.000199971	0.000473026	0.000379244	0.011758746	0.000249551	0.00037156	0	0.002147813	0.000566799	0.002050756	0.009523366	0.00081373	0.000707587	0.000115807	0.01219604	0.003391857	0.001507432	0.000882512	0.000540892
beta_lactam__OXA-334	0	0	6.31E-05	0	0	0	0.000209538	0	0	0	6.24E-05	0	4.41E-05	0.000328967	0	0	0.000203558	0.000816992	0.000121585	0	0	0
beta_lactam__ADC-79	0	0	0	0	0	0	1.91E-05	0	0	0	0	0	0	4.08E-05	0	0	0	0	0	0	0	0
multidrug__ykkD	0	0	0	0	0	0	3.55E-05	0	0	0	0	0	0	0	0	0.000102993	0	0	0	0	0	0
multidrug__efrA	0.000552364	5.50E-05	0.000726586	5.48E-05	9.94E-05	9.84E-05	0.000274132	0.000192874	4.16E-05	4.94E-05	0.000842914	3.84E-05	3.99E-05	5.70E-05	5.76E-05	2.84E-05	2.64E-05	0.000195952	0.000239516	0.000105597	7.81E-06	2.63E-05
beta_lactam__OXA-239	0	0	0	0	0	0	5.41E-05	0	0	0	0	0	0	3.33E-05	0	0	0	0	5.16E-05	0	0	0
beta_lactam__OXA-444	0	0	0	0	0	0	0	0	0	0	0	0	0	6.64E-05	0	0	0.00012184	0	0	0	0	0
beta_lactam__SGM-2	0	0	0	0	0	0.003073169	0	0	0	0	2.85E-05	0	0.000272789	0	0	0	0.000400713	0	0	0	0	0
tetracycline__tet(Y)	0	0	0	0	0	0	0.000308026	0	0	0	0	0	3.09E-05	9.29E-05	0	0	0	6.22E-05	4.48E-05	0	0	0
beta_lactam__VIM-26	6.17E-05	0	0.000256681	0	0	0	0	0	0	0	3.31E-05	0	0	0	0	0	0	0	0	0	0	0
trimethoprim__dfrA27	0	0	0.000265336	0	0.000120713	0	0.000823517	0	0	0	0	0	7.06E-05	4.75E-05	0	0	7.11E-05	0.000259242	0.000265788	0	0	0
tetracycline__tet(52)	0	0	0	0	0	0	0	0	0	2.51E-05	0	0	3.10E-05	0	0	0	5.66E-05	0	0	1.89E-05	0	0
beta_lactam__MIR-11	0	0	6.76E-05	0	0	0	0	0	0	0	0	0	0	0	0	0	0	0	4.51E-05	0	0	0
mupirocin__mupA	1.52E-05	0	0.000107189	0	0	2.19E-05	8.53E-05	1.48E-05	0	9.56E-06	2.58E-05	9.83E-06	0	1.06E-05	4.26E-05	2.09E-05	1.13E-05	4.78E-05	4.83E-05	8.65E-06	0	0
aminoglycoside__aadA25	0.000422627	8.02E-05	0.0006947	0.000961371	0.000119021	0	0.001452134	0	0	0	0.000283098	3.83E-05	0.000269895	0.00066265	0	4.11E-05	8.31E-05	0.001233022	0.000644451	0.000103154	0.000168149	0.000114795
aminoglycoside__APH(3'')-Ic	6.40E-05	0	0	0	0	4.38E-05	0	0	0	0.002711276	0.000306582	0	0	3.22E-05	3.47E-05	0	0	0	0.000826164	0	0	0
chloramphenicol__catB11	3.63E-05	0.000143399	0.002303891	0.000343424	4.97E-05	0	0.000534723	4.43E-05	0.000363851	4.76E-05	0.000834126	4.79E-05	0.000551617	0.000822967	0	0	0	0.00026551	0.001273204	0.000130067	5.34E-05	6.75E-05
beta_lactam__VEB-7	0	3.60E-05	5.67E-05	3.55E-05	0	0	0.000515207	0	0	0	0.000501033	0	0	0.000119126	0	0	3.66E-05	0.000215806	0.000509426	0	2.93E-05	0.000151461
aminoglycoside__AAC(6')-30/AAC(6')-Ib'-fusion-protein	0	0	0	0	0	0	4.14E-05	0	0	0	0	0	0	4.88E-05	0	0	0	0	0	0	2.60E-05	8.55E-05
beta_lactam__GOB-5	0	0	0	0	0	0	0	0	0	0	0	0	0	0	0	0	0	0	0	0	0	5.99E-05
beta_lactam__CTX-M-147	0	0	0	0	0	0	2.46E-05	0	0	0	0	0	0	0	0	0	0	0	0	0	0	0
beta_lactam__Bla2	0	0	0	0	0	0.000130264	0	0	0	0	0	0	0	0	0	0	0	0	0	0	0	0
beta_lactam__SHV-93	0	0	3.02E-05	0	0	0	0	0	0	0	0	0	0	0	0	0	0	0	0	0	0	0
beta_lactam__DHA-15	0	0	2.23E-05	0	0	0	0	0	0	0	0	0	0	0	0	0	0	0	0	0	0	0
beta_lactam__PER-7	0	0	0.000166119	0	0	0	7.12E-05	0	0	0	0	0	0	2.89E-05	0	0	0	0	0.000190679	0	0	0
beta_lactam__TRU-1	0	0	0.000289145	0	0	0	0.000114772	0	0	0	9.13E-05	0	0	0	0	0	0	0	0.00015554	0	0	0
beta_lactam__MIR-4	0	0	0	0	0	0	0	0	0	0	2.31E-05	0	0	2.34E-05	0	0	0	0	2.21E-05	0	0	0
beta_lactam__FOX-5	0	0	6.95E-05	3.00E-05	0	0	0.00090567	0	0	0	0	0	0.000132802	9.93E-05	0	0	0	0.000155636	0.000189026	0	0	0
aminoglycoside__ANT(3'')-IIa	0	2.53E-05	0.000149307	3.22E-05	0	0	0.00038782	0	3.38E-05	0	2.39E-05	6.36E-05	0	8.05E-05	2.62E-05	0	0	0.000289924	7.34E-05	2.80E-05	6.12E-05	8.49E-05
beta_lactam__OKP-B-17	0	0	0	0	0	0	0	0	0	0	0	0	0	0	0	0	0	0	3.00E-05	0	0	0
multidrug__mdtO	0	0	0.002273407	4.09E-05	0	3.78E-05	0.001468433	0	0	3.80E-06	0.00011577	0	9.95E-05	0.00017405	0	0	6.96E-05	0.000709238	0.001427262	1.77E-05	1.08E-05	8.13E-05
quinolone__QnrB20	0	0	0	0	0	0	0	0	0	0	0	0	0	0	0	0	0	3.59E-05	0	0	0	0
aminoglycoside__aadA3	0.004213021	0.00096099	0.003729167	0.006620716	0.001191024	0.000298446	0.01347803	0.000344718	0.000869042	0.000637527	0.002623101	0.001421372	0.00198017	0.008727768	0.00063194	0.00144252	0.001126525	0.0126888	0.00627997	0.000622434	0.001088276	0.001147953
beta_lactam__OXA-36	0.000214533	4.04E-05	0.000406141	0	0.000353037	0.000258381	0.003567312	3.79E-05	4.10E-05	0	0.00066803	0.000375273	0.001599075	0.003220604	6.70E-05	0.000488544	0.000248261	0.003361887	0.004540362	0.007083155	0.016624445	0.463992905
trimethoprim__dfrA25	0	0	0	6.42E-05	0	0	0	0	0	0	0	0	0	0	0	0	0	0	0	0	0	0
beta_lactam__OXA-29	0	0	0	0	0	0	0	0	0	3.68E-05	0.000126431	0	0.000274264	0	3.32E-05	0	0	0	6.46E-05	6.80E-05	0.000101271	0.000514227
polymyxin__mcr-6.1	0	0	3.15E-05	0	0	0	0	0	0	0	1.64E-05	0	0	1.69E-05	0	0	0	1.45E-05	2.62E-05	0	0	0
chloramphenicol__catB10	0	0	0	0	0	0	0	0	0	0	0	0	0	0	4.12E-05	0	5.10E-05	0	0	4.22E-05	0	0
multidrug__mdtE	5.41E-05	1.29E-05	0.004999238	0.000123178	2.92E-05	0.000162351	0.004134081	6.79E-06	1.59E-05	8.65E-06	0.000222563	2.95E-05	0.000255553	0.000843239	5.38E-06	1.56E-05	4.00E-05	0.002028537	0.006113294	2.44E-05	0	0.000208969
beta_lactam__OXY-6-3	0	0	0	0	0	3.82E-05	0	0	0	0	0	0	0	0	0	0	0	2.79E-05	0	0	0	0
factumycin__facT	0	0	0	0	0	0	0	0	0	0	0	0	1.68E-05	0	0	0	0	0	0	0	0	0
beta_lactam__VEB-3	0.000191974	0.000744571	0.001410577	0.000349031	0.000104691	3.72E-05	0.00627376	0.000125862	0.000697355	0.000179793	0.00141468	3.37E-05	0.001339494	0.002401359	8.91E-05	0.000145411	0.000147738	0.00268817	0.004572197	0.000607364	0.001132178	0.021542442
florfenicol__floR	0.002208809	0.00084655	0.00517277	0.000716674	0.002037191	0.000769281	0.008641549	0.002996343	0.002172521	0.001226768	0.004424391	0.004826301	0.00347311	0.00998198	0.002512446	0.002397105	0.001827869	0.018799618	0.004246319	0.002957444	0.002449872	0.001452671
macrolide-lincosamide-streptogramin__lnu(G)	0	0	0	0	0	0	0	0	0	0	0	0	0	0	0	0	0	0	6.43E-05	0	0	0
beta_lactam__IMP-7	0	0.000229963	0	0.000419056	0	0	0	3.79E-05	0	0.00011292	0	0	0	0	0	0	0	0	0	0	0	0
beta_lactam__AER-1	0.00074981	0.001381865	0.002564373	0.000846365	0.00084827	0.000508928	0.006363849	0.000462658	0.000180997	0	0.00266155	0.000616864	0.001201527	0.003562222	0.000308006	0.000564817	0.00046161	0.003873413	0.002857155	0.000325399	0.004284388	0.003273276
quinolone__QnrB33	0	0	0	0	0	0	0	0	0	0	0	0	0	0	0	0	0	0	8.02E-05	0	0	0
multidrug__lmrP	8.05E-05	0	4.15E-05	0	0	0	0.000408634	0	0	0	0	5.03E-05	0	0.000805749	0	0	0	0.00013301	0.000290095	0	0	0
trimethoprim__dfrF	0.000582662	4.98E-05	0.00684247	0.000305238	0	0	0.009531326	0	0.000198316	0.000407	0.001221613	0.000120232	0.000425306	0.000904206	0	0.000126499	0.000257109	0.006005683	0.002064865	0.000378112	0.000135511	0.000371942
chloramphenicol__catB8	0	0.000139302	0.000762202	8.69E-05	0.00014906	0	0.003487415	0.000133045	0	9.23E-05	0.000334849	0	0.001232335	0.001557666	0.000368705	0	0.000152982	0.000873741	0.003469623	0.000130946	0.000195621	0.000212717
beta_lactam__TER-2	0	0	0	0	0	0	2.57E-05	0	0	3.03E-05	3.04E-05	0	0	0	0	0	0	2.80E-05	3.02E-05	0	0	0
multidrug__Pseudomonas-aeruginosa-emrE	0	0	0	0	0	0	0	0	0	0	0	0	0	0	0	0	0	0	6.09E-05	0	0	0
tetracycline__tet(39)	0.000186056	0.000106732	0.005458671	0.000126195	0.000447989	0.000112565	0.051363481	0	2.76E-05	0	0.001451488	0.001534491	0.005928935	0.049571185	0	5.48E-05	0.006249044	0.031328115	0.008228359	0.000197637	8.35E-05	0.000947617
beta_lactam__CMY-104	0	0	0	0	0	0	0	0	0	0	0	0	0	0	0	0	0	0	2.21E-05	0	0	0
beta_lactam__OXA-145	0	0	0	0	0.000118123	0	0.000167696	0	0	0	0	0	0	0	0	0	0	0	0	0	0	0
beta_lactam__DHA-21	0	0	0	0	0	0	1.93E-05	0	0	0	0	0	0	0	0	0	0	2.14E-05	0	0	0	0
multidrug__emrY	5.40E-06	0	0.001463516	4.78E-05	0	4.36E-05	0.001027182	0	0	0	8.04E-05	1.31E-05	1.57E-05	5.24E-05	0	0	7.12E-06	0.00058425	0.000783374	5.89E-06	0	0
mupirocin__mupB	2.84E-05	6.93E-05	3.76E-05	5.75E-05	0.000580079	6.35E-05	0.000144651	6.90E-05	7.12E-05	6.46E-05	5.15E-05	9.74E-06	3.20E-05	7.34E-05	0.000107551	9.04E-05	7.82E-05	0.000131656	7.07E-05	4.90E-05	2.83E-05	2.59E-05
macrolide-lincosamide-streptogramin__erm(B)	0.004610273	0.000553715	0.026345346	0.000969335	0.000556088	0.000135014	0.043495424	0.000746467	0.000917275	0.000517491	0.00653187	0.001097463	0.002892576	0.009528488	0.000433481	0.000520671	0.000537811	0.032561483	0.0137325	0.001245681	0.000447508	0.000371954
beta_lactam__OXA-209	0	0	0.000675643	6.81E-05	0.000174085	0	0.00127138	0	0	0	0.000706899	0.000330583	0.000479441	0.000818438	6.37E-05	0.000395487	0.000351748	0.001098984	0.000517049	6.60E-05	0.000282653	5.51E-05
beta_lactam__FONA-6	0	0	0.000114845	0	0	0	0	0	0	0	0	0	0	0	0	0	0	0	0	0	0	0
beta_lactam__TEM-194	0	0	0	0	0	0	0	0	0	0	0	0	0	0	0	0	0	0	3.00E-05	0	0	0
tetracycline__tet(56)	0	0	0	0	0	0	0	0	0	0	4.48E-05	0	0.000366216	4.58E-05	2.22E-05	8.34E-05	0.000113557	0	4.37E-05	4.65E-05	0	0
beta_lactam__OXA-358	0	0	0	0	0	0	0	0	0	0	0	0	0	0	0	0	0	0	3.15E-05	0	0	0
beta_lactam__TEM-112	0	0	0	0	0	0	0	0	0	0	0	0	0	0	0	0	0	0	2.76E-05	0	0	0
beta_lactam__ACT-4	0	0	0	0	0	0	3.65E-05	0	0	0	0	0	0	2.24E-05	0	0	0	0	0.000230316	0	0	4.04E-05
beta_lactam__OXA-119	0.00018336	0.00011887	0.000287873	3.91E-05	0.000156905	0	0.001275979	0.000385131	0.000160794	0.00011044	0.000597672	7.49E-05	0.000456798	0.005456614	0.000226097	0.000280438	3.86E-05	0.001546286	0.001065199	0.00048012	8.35E-05	0.000172567
beta_lactam__GES-12	0	0	2.95E-05	0	0	0	7.59E-05	0	0	0	0	0	0	3.10E-05	0	0	3.89E-05	0.000113568	0.000175313	0	0	5.37E-05
multidrug__ykkC	6.11E-05	0	0	0	0	0	0	0	0	0	0	0	0	0	0	0	0	0	0	4.12E-05	0	0
quinolone__QnrB37	0	0	0	0	0	0	0	0	0	0	0	0	0	0	0	0	0	0	4.01E-05	0	0	0
beta_lactam__VIM-24	0	0	0.00015011	0	0	0	0	0	0	0	2.97E-05	0	0	0	0	0	0	0	0	0	0	0
beta_lactam__OXA-147	0.000153423	0.000198117	0.00022289	0	0.00181562	4.18E-05	0.003077823	3.50E-05	8.21E-05	0	0.000266383	0.000151345	0.001021078	0.001905408	3.32E-05	0.000285416	0.000208003	0.001331075	0.000801804	9.92E-05	0.000578931	0.001453502
beta_lactam__OXA-296	0	0	0	0	0	0	2.57E-05	0	0	0	0	0	4.25E-05	0.000218841	0	0	0	0	2.96E-05	0	0	0
rifamycin__RbpA	0.021864902	0.022264553	0.025112281	0.094932421	0.005557069	0.008751774	0.00191509	0.007509225	0.008510055	0.063085999	0.012926569	0.021242284	0.056648491	0.015913929	0.015856803	0.011304086	0.016761815	0.005763223	0.009642097	0.009792733	0.004905164	0.023700001
beta_lactam__CPS-1	0	0	0	0	0	0	0	0	0	0	0	0	0	0	0	0	3.62E-05	0.000140919	2.96E-05	0	0	0
polymyxin__eptA	0.000104633	3.78E-05	0.008385134	7.64E-05	0	4.11E-05	0.005459588	6.81E-05	0	5.26E-05	0.000254804	0	0.000463196	0.001044519	0	0	4.04E-05	0.003085199	0.008171756	1.35E-05	4.68E-05	0.00010025
aminoglycoside__AAC(6')-Ib'	8.93E-05	0	0.00157447	0.000112974	0.000113415	0.000181236	0.006882483	8.88E-05	0	0	0.000476973	0.000218792	0.000792981	0.00265678	9.49E-05	0.000178719	0.000105487	0.004936566	0.00505743	9.83E-05	5.98E-05	0.001625755
aminoglycoside__APH(3')-Ia	9.43E-05	0	0.000738435	8.11E-05	0	0	0.002018428	0	0	0	0.000402322	0	0.00015562	0.000104152	0	0	8.44E-05	0.000753959	0.000582711	0	0.00045975	0.000231957
beta_lactam__TEM-121	0	0	0	0	0	0	0	0	0	0	0	0	0	0	0	0	0	0	2.94E-05	0	0	0
tetracycline__tet(B)	0	0	0.000491228	5.24E-05	0	0	0.000747206	0	0	0	5.82E-05	0	0	5.82E-05	0	0	0	0.000126484	9.32E-05	0	7.19E-05	7.83E-05
beta_lactam__BRO-2	0	0	0.004659889	0.000165503	0	0	0.001352106	5.99E-05	0	0	0.00119704	0	0	0.000730962	0	0	0	0.000764027	0.000681423	0	0	0
beta_lactam__OXA-301	0	0	0	0	0	0	0	0	0	0	0	0	0	6.45E-05	0	0	0	0	2.99E-05	0	0	0
macrolide-lincosamide-streptogramin__erm(35)	0.001158783	0.001752323	0.000749898	0.000854838	0	0	0.001035472	0.001724159	0.00032075	0.00035386	0.001265658	7.64E-05	0.000260366	0.000755605	0.00046641	0	8.22E-05	0.000398079	0.000733374	0.000583498	0	0.000220052
aminoglycoside__AAC(6')-Iaf	0	0	0	0	0	0	0.000107566	0	0	0	0	0	0	0	0	0	0	0	0	0	0	0
beta_lactam__CblA-1	8.18E-05	0	0.003660874	7.02E-05	0	0	0.004733235	0.000125854	0	0	0.000857289	0	0.000648641	0.000210583	0	0	0.000214809	0.003697503	0.001171313	0	0	9.68E-05
beta_lactam__CTX-M-37	0	0	0	0	0	0	0	0	0	0	0	0	0	0	0	0	0	5.52E-05	0	0	0	0
beta_lactam__SHV-65	0	0	0	0	0	0	0	0	0	0	0	0	3.45E-05	2.54E-05	0	0	0	0	3.00E-05	0	0	0
beta_lactam__cepA	0	0	0.001321753	0	0	0	0.001569798	0	0	3.33E-05	0.0002284	0	0.000201281	0.000321052	0	0	7.29E-05	0.00151002	0.00074585	0	0	0
quinolone__QnrC	0	0	3.83E-05	0	0	0	0	0	0	0	0	0	0	0	0	0	0	0	0	0	0	0
beta_lactam__SHV-22	0	0	0.00026061	4.00E-05	0	0	5.51E-05	0	0	0	0	0	0	3.42E-05	0	0	0	3.12E-05	0.000164458	0	0	0
beta_lactam__PLA-3	0	0	0	0	0	0	0	0	0	0	0	0	0	0	0	0	0	2.79E-05	2.89E-05	0	0	0
trimethoprim__dfrA32	0	0	0	0	0	0	9.31E-05	0	0	0	0	0	0.000152276	0.000113435	0	0	0	0.000103275	0	0	0	0
beta_lactam__CTX-M-132	0	0	5.82E-05	0	0	0	0.000126065	0	0	0	0	0	0	0	0	0	0	0	0.000144578	0	0	0
beta_lactam__OXA-420	0	0	3.02E-05	0	0	0	0.000208244	0	0	0	0	0	0	0.000222616	0	0	0	8.69E-05	3.01E-05	0	0	0
beta_lactam__CMY-115	2.13E-05	0	4.45E-05	0	0	0	0	0	0	0	2.31E-05	0	0	0	0	0	0	0	6.63E-05	0	0	0
aminoglycoside__AAC(6')-Ib11	8.16E-05	0	0.001188025	0	0	0.000346882	0.006067608	4.93E-05	0	0	0.000140829	4.89E-05	0.000801996	0.003184562	0.000133382	0	0.000116862	0.004570485	0.004691037	0	0.000112836	0.001572965
multidrug__Acinetobacter-baumannii-AmvA	0	0	3.44E-05	0	0	0	4.43E-05	0	0	0	5.45E-05	0	2.45E-05	9.57E-05	0	0	0	8.21E-05	0	0	0	0
beta_lactam__CARB-22	0	0	9.04E-05	0	0	0	0	0	0	0	3.05E-05	0	0	0	0	0	0	0	3.03E-05	0	0	0
aminoglycoside__AAC(6')-Iid	0	0	0.000141512	0	0	0	0	0	0	0	4.94E-05	5.53E-05	0	0	0	0	0	0	0	0	0	0
chloramphenicol__catB9	3.97E-05	0	0.001574704	8.93E-05	0	0	3.21E-05	3.82E-05	0	4.69E-05	0.000249542	0	0.000265335	0	0	0	0	0	0.000489698	7.33E-05	9.77E-05	0
aminoglycoside__AAC(3)-IId	0	0	0.000916849	0	0	0	0.001495952	0	0	0	0.000309379	0	0.000619615	0.0015898	3.15E-05	0	0.00011623	0.002072192	0.001825908	0	7.69E-05	0.000261754
beta_lactam__OKP-A-1	0	0	0	0	0	0	2.45E-05	0	0	0	0	0	0	0	0	0	0	0	0	0	0	0
beta_lactam__LEN-11	0	0	0	0	0	0	5.61E-05	0	0	0	0	0	0	0	0	0	0	0	6.40E-05	0	0	0
beta_lactam__cphA6	0	0	0.000127258	0	4.11E-05	0.000131289	0.000622923	0	0	0	0	0	0	0.000172427	0	0.000127728	0	9.64E-05	0.001494126	0	0	0.001072191
beta_lactam__OXA-372	0	8.20E-05	0	0	0.000840173	0	0.000535577	0	8.58E-05	0	6.86E-05	7.91E-05	0.000187967	0.000541648	0	6.53E-05	0.000472242	0.000157726	0.000326741	7.04E-05	0.000172075	0.000118674
quinolone__QnrS3	0	0	7.25E-05	0	0	0	0.00034567	0	0	0	0	0	0	0	0	0	0	0	9.73E-05	0	0	0
beta_lactam__TEM-147	0	0	0	0	0	0	0	0	0	0	0	0	0	0	0	0	0	5.44E-05	0	0	0	0
multidrug__bmr	0	0	0	0	0	0.001301638	0	0	0	0	0	0	0	0	0	0	0	0	0	2.13E-05	0	0
beta_lactam__DHA-5	0	0	0	0	0	0	1.93E-05	0	0	0	0	0	0	0	0	0	0	0	0	0	0	0
tetracycline__tet(36)	0.001614642	0	0.001274795	6.30E-05	8.09E-05	0.000568197	0.018693627	3.83E-05	6.86E-05	4.34E-05	0.00645269	0.000316117	0.001372898	0.006679914	0.002635424	0.000321394	0.000153729	0.008416047	0.006516084	0.000893937	0.000104876	0.001340599
beta_lactam__OXA-294	0	0	0	0	0	0	2.68E-05	0	0	0	0	0	0	0	0	0	0	0	0	0	0	0
tetracycline__tet(42)	1.90E-05	0	1.98E-05	0	0	0	0.000222666	0	0	0	1.93E-05	0.000231304	0.000280582	0.000126134	4.17E-05	0	0	0.000206428	0.000117168	0	4.88E-05	2.79E-05
beta_lactam__OXA-257	0	0	0	0	0	0	7.89E-05	0	0	0	0	0	0	6.26E-05	0	0	0	0	3.11E-05	0	0	0
polymyxin__mcr-5.2	0	0.000121337	0.000370084	0	3.43E-05	0.000118413	0.002827383	1.36E-05	3.75E-05	0	0.000226285	2.41E-05	0.000579604	0.000476619	0	5.94E-05	4.00E-05	0.000859378	0.001470968	1.66E-05	0.000149245	0.000244879
beta_lactam__SPG-1	0	0	0	0	0	0	0	0	0	0	0	0	0	0	0	0	0.000115072	0	0	0	0	0
macrolide-lincosamide-streptogramin__erm(X)	0.000410593	0.000116641	0.000923416	0.000143404	0	4.48E-05	0.000868347	3.76E-05	0.000162278	0.000147778	0.000841707	7.09E-05	4.58E-05	0.000287951	0	0	0	0.000750585	0.00054323	0.0002346	0	0
aminoglycoside__rmtD	0	0	0	0	0	0	0	3.77E-05	0	0	0	0	0	0	0	0	0	0	0	0	0	0
beta_lactam__BRO-1	0	0	0.002577892	0	0	0	0.000722284	0	0	0	0.000695238	0	0	0.000393066	0	0	0	0.000596788	0.000347835	0	0	0
trimethoprim__DfrA38	0	0	0	0	0	0	0	0	0	0	0	0	0	0	0	0	0	0	0	0	5.95E-05	0
beta_lactam__KPC-2	0	0	0	3.55E-05	0	0	0	0	0	0	0.000120918	0	0.00041218	0.00024396	0	0	0	5.51E-05	0.000307109	0	0	5.15E-05
multidrug__mtrD	0.000104793	6.48E-05	0.000663982	4.45E-05	0.000167441	0.000107155	0.001000415	4.87E-05	4.36E-05	5.42E-05	0.000500761	0.000195258	0.00011588	0.000891891	7.62E-05	0.000136929	0.000113954	0.00076518	0.000436845	0.000246361	0.000175814	7.53E-05
polymyxin__mcr-3.9	0	0	0.001095911	0	0	4.11E-05	0.001035336	0	0	0	1.66E-05	0	0.001018214	0.001132019	0	0	3.75E-05	0.001239509	0.002200975	0	2.03E-05	5.24E-05
fosfomycin__FosC2	0	0	0	0	0	0.000226854	4.52E-05	0	0	0	0	0	0	0	0	0	0	0	0	0	0	0
beta_lactam__RSA-1	0	0	5.94E-05	0	0	7.64E-05	0.001026614	0	0	0	0	0	0.00021101	0	0	0	0	0.00010914	0.000281385	0	7.72E-05	0.000477783
beta_lactam__SGM-1	0	0	0	0	0	0.009001354	6.69E-05	0	0	0	2.75E-05	0	0.000981261	0	5.55E-05	0	0.000852087	2.53E-05	2.57E-05	0	0	4.61E-05
beta_lactam__ALG6-1	0	0	0	0	0	0	2.25E-05	0	0	0	0	6.46E-05	0.000141835	7.60E-05	0	0	0.000103131	0	2.70E-05	0	0	0
beta_lactam__PER-4	0	0	0	0	0	0	0	0	0	0	0	0	0	0	0	0	0	0	2.40E-05	0	0	0
tetracycline__tet(61)	0	0	0	0	0	0	0	0	0	0	2.91E-05	0	0	0	0	0	0	0	1.36E-05	0	0	0
beta_lactam__ACT-23	0	0	2.22E-05	0	0	0	0	0	0	0	0	0	0	0	0	0	0	0	0	0	0	0
chloramphenicol__catII-from-Escherichia-coli-K-12	0	0	7.95E-05	0	0	0	6.93E-05	0	0	0	0	0	0	0	0	0	0	7.46E-05	0	0	0	0
chloramphenicol__fexA	0	0	0.000126274	0	0	2.34E-05	2.95E-05	0	0	0	7.50E-05	0	0	0	0	0	2.30E-05	0	0	0	0	0
beta_lactam__GES-3	0	0	2.95E-05	0	0	0	2.60E-05	0	0	0	0	0	0	3.17E-05	3.14E-05	0	0	2.82E-05	0	0	0	5.37E-05
multidrug__emrB	7.79E-05	4.14E-05	0.00562546	0.000127311	0.000242708	0.003392139	0.009274473	1.09E-05	5.57E-05	0.000114705	0.000703409	0.000154653	0.0014621	0.005798332	2.45E-05	9.16E-05	0.001546787	0.005772821	0.011658953	0.000107834	8.62E-05	0.00043439
beta_lactam__OXA-139	0	0	0	0	0	0	0	0	0	0	0	0	0	3.24E-05	0	0	0	2.95E-05	0	0	0	0
macrolide-lincosamide-streptogramin__lnu(H)	0.003652331	0.00028258	0.002922241	0.000327738	0.002225464	0.001164515	0.016456479	0.001369212	0.000210536	0.000192007	0.008922301	0.002421258	0.005315955	0.013603212	0.007149651	0.001554419	0.001587943	0.015007414	0.005477628	0.001179703	0.000371498	0.001798905
polymyxin__mcr-3.1	0	0	0.000644766	3.84E-05	1.93E-05	0.000163536	0.001359223	0	0	0	6.42E-05	0	0.000423686	0.000997991	0	0	0	0.000821446	0.002191452	0	0	5.52E-05
tetracycline__tetA(48)	0.001519189	0.00098456	0.000876362	0.001154571	0.006446031	0.011594667	0.001281265	0.001807	0.001722378	0.00913167	0.00227713	0.003565988	0.001976047	0.002477431	0.002544013	0.002543516	0.006233776	0.001661267	0.001437367	0.001270361	0.000758532	0.000453577
beta_lactam__SHV-41	0	0	0	0	0	0	0	0	0	0	0	0	0	0	0	0	0	0	5.94E-05	0	0	0
macrolide-lincosamide-streptogramin__erm(G)	0.005891375	4.41E-05	0.001445169	0.000170387	0	0	0.002838892	0.000186949	0.000171639	0	0.000469507	8.25E-05	0.000396973	0.000177259	0.003730451	8.77E-05	0	0.001686384	0.002024783	0.001004462	3.86E-05	0.000124997
trimethoprim__dfrB5	0	0	0	0	0	0	7.27E-05	0	0	0	0	0	0	0	0	0	0	0	0	0	0	0
aminoglycoside__AAC(6')-Ix	0	0	0	0	0	0	0	0	0	0	0	0	0.00016206	0.000210356	0	0	0	0	0	0	0	0
multidrug__RanA	0.005818604	0.006001074	0.008421585	0.00421516	0.008604388	0.002847101	0.028896895	0.006218359	0.003154126	0.00486753	0.006820071	0.005437425	0.009214808	0.024913604	0.004507914	0.007220645	0.00423889	0.023705079	0.013124831	0.004670379	0.010354088	0.009906099
polymyxin__mcr-3.2	0	0	0.000237714	0	0	0	0.000216384	0	0	0	0	3.72E-05	9.02E-05	0.000115217	0	0	0	0.000150466	0.000452955	0	0	2.85E-05
beta_lactam__OXA-25	0	0	0	0	0	0	0	0	0	0	0	0	0	3.24E-05	0	0	0	2.95E-05	0	0	0	0
tetracycline__tet(O)	0.004117044	0.000818652	0.024043411	0.000855761	0.000114969	0.00012248	0.031226585	0.001474415	0.00049643	0.000555124	0.005766497	0.000356791	0.002568039	0.003934306	0.000374502	0.000133663	0.000256966	0.018014523	0.008561427	0.001352824	0.000188299	0.000660501
beta_lactam__OXA-252	0	0	0	0	0	0	0	0	0	0	0	0	0	0	0	0	0	0	2.79E-05	0	0	0
chloramphenicol__cmlA1	0	0	0.000149751	0.000121498	0	0	0.00050895	0	2.61E-05	2.38E-05	1.93E-05	0	8.06E-05	2.13E-05	0	0	0	1.66E-05	0.000480742	0	0	3.46E-05
multidrug__tap	0.003278996	0.002691094	0.003259705	0.012349838	0.000844484	0.003386165	0.000918455	0.001510759	0.001293024	0.010643063	0.004181227	0.004582493	0.013515912	0.003813172	0.006433042	0.003130807	0.004537265	0.002257663	0.004294755	0.003562042	0.001288722	0.00343701
vancomycin__vanHA	0	0	0	0	0	0	0	0	0	0	2.63E-05	0	0	0	0	0	3.11E-05	2.36E-05	0	0	0	0
beta_lactam__OKP-B-3	0	0	0	0	0	0	2.61E-05	0	0	0	0	0	0	0	0	0	0	0	0.000142302	0	0	0
beta_lactam__OKP-B-4	2.84E-05	0	0	0	0	0	5.11E-05	0	0	0	0	0	0	0	0	3.63E-05	0	0.000100659	0	0	0	0
chloramphenicol__catS	0.000198267	0	0.0011109	0	0	0	0.001618561	5.68E-05	0	0	0.00027086	0	0.000150285	0	0.0001614	0	6.80E-05	0.001054248	0.000809402	0.000382613	0	0
polymyxin__mcr-3.4	0	0	0.000235157	1.96E-05	0	0	0.000422845	0	0	0	1.66E-05	0	0.00013394	0.000174338	0	0	0	0.000163311	0.000613569	0	0	5.13E-05
vancomycin__vanI	4.62E-05	0	0	0	0	0	0	2.73E-05	6.27E-05	5.63E-05	2.33E-05	0	0	0	0	0	0.000732125	0	0	0	0	0
antibacterial_fatty_acid__farA	2.12E-05	0	0	0	0	0	0.000126602	0	0	1.30E-05	4.36E-05	1.28E-05	0	4.02E-05	0	0	4.24E-05	4.98E-05	9.01E-05	4.66E-05	1.40E-05	3.89E-05
macrolide-lincosamide-streptogramin__mef(B)	0.012262975	0.000335532	0.000361344	0.000510838	1.00E-04	5.44E-05	0.004734473	0.005104331	0.000364922	7.18E-05	0.0031202	0.000215942	0.00039049	0.002985844	0.010760773	0.00115638	0.000471291	0.009697716	0.004795229	0.006000511	8.07E-05	0.000209399
beta_lactam__RSD2-2	3.16E-05	0	0.000222926	0	0	0	0.003645299	0	0	0	0.000203393	0	0.001396646	0.00065696	3.57E-05	0	0	0.001471336	0.003531225	7.18E-05	8.73E-05	0.000180932
beta_lactam__OXA-300	0	0	0	0	0	0	0	0	0	0	0	0	0	6.45E-05	0	0	0	5.87E-05	0	0	0	0
beta_lactam__YEM-1	0	0	0	0	0	0	0	0	0	0	0	0	0	0	0	0	4.35E-05	0	0	0	0	0
quinolone__QnrB19	0	0	4.04E-05	0	0	0	0	0	0	0	0	0	0	0	0	0	0	0	3.93E-05	0	0	0
macrolide-lincosamide-streptogramin__vga(C)	6.23E-05	0	0	0	0	0	0	0	0	0	0	0	0	0	0	0	0	0	0	0	0	0
beta_lactam__OXY-5-2	0	0	0	0	0	0	5.04E-05	0	0	0	0	0	0	0	0	0	0	0	0	0	0	0
beta_lactam__ADC-30	0	0	2.26E-05	0	0	0	0	0	0	0	0	0	0	0	0	0	0	0	0	0	0	0
multidrug__MuxA	0	0	4.29E-05	0	8.00E-06	6.75E-06	5.15E-05	0	0	0	4.85E-05	7.07E-06	0	6.31E-05	6.20E-06	7.60E-06	8.38E-06	0.000119493	5.12E-05	1.16E-05	0	0
polymyxin__mcr-4.3	0	0	0	0	0	0	0.000109432	0	0	0	0	0	0	0	0	0	0	6.02E-05	0.000308213	0	0	2.79E-05
beta_lactam__OXA-256	0	0	0	0	0	0	0	0	0	0	0	0	0	3.35E-05	0	0	0	0	0	0	0	0
beta_lactam__SHV-180	0	0	0	0	0	0	0	0	0	0	0	0	0	0	0	0	0	0	2.94E-05	0	0	0
beta_lactam__OKP-A-9	0	0	0	0	0	0	0	0	0	0	3.08E-05	0	0	0	0	0	0	2.55E-05	0	0	0	0
beta_lactam__MOX-1	0	0	0	0	0	0	7.53E-05	0	0	0	0	0	9.48E-05	0	0	0	0	3.98E-05	6.70E-05	0	0	0
beta_lactam__ACT-9	2.14E-05	0	8.96E-05	0	0	0	0.000136175	0	0	0	2.37E-05	0	0	0	0	0	0	0	0.000375531	0	0	0
beta_lactam__CAM-1	0	0	0	0	0	0	0	0	0	0	0	7.67E-05	0	3.17E-05	0	0	0	0	0	0	0	0
antibacterial_fatty_acid__farB	4.78E-05	0	0.000655176	0	2.03E-05	0	0.000767059	0	0	9.64E-06	0.000649805	0	1.16E-05	0.000202118	1.74E-05	0	1.08E-05	0.000247689	0.000586833	1.80E-05	0	0
multidrug__mdsA	0	0	6.82E-05	0	8.35E-06	0	5.63E-05	0	0	0	2.88E-05	0	1.01E-05	5.08E-05	0	0	8.93E-06	0.000105164	4.04E-05	0	0	0
beta_lactam__BcI	0	0	0	0	0	0.000256508	0	0	0	0	0	0	0	0	0	0	3.57E-05	0	0	0	0	0
beta_lactam__TEM-135	0	0	0	0	0	0	1.98E-05	0	0	0	0	0	0	0	0	0	0	0	0	0	0	0
multidrug__blt	4.06E-05	0	0	0	0	0.000410605	0	4.75E-05	0	0	0	0	0	0	0	2.70E-05	5.13E-05	0	0	0	0	0
fosfomycin__FosA2	0	0	6.01E-05	0	0	0	0	0	0	0	0	0	0	0	0	0	0	0	0	0	0	0
beta_lactam__OXA-246	0	0	0	0	0	0	0	0	0	0	3.31E-05	0	0	0	0	0	0	0	0	0	0	0
beta_lactam__VIM-2	6.11E-05	0	0.001042038	0	0	0	0	3.50E-05	4.27E-05	0	0.000390068	0	0	3.35E-05	0	0	0	0	0.000318138	0	0	0
beta_lactam__ROB-1	0	0	0.001697563	0	0	0	0	0.000122763	0	0	0.001400057	0	0	0	0	0	0	0.000233058	0.001110818	0	0	0
multidrug__adeF	5.90E-05	7.26E-05	0.000127967	5.46E-05	0.00029371	0.000302829	0.000934278	3.66E-05	5.04E-05	0.000126373	0.000113838	0.000419585	0.000604026	0.001082415	0.000137784	0.000294753	0.000522532	0.001100353	0.00038458	5.66E-05	0.000149726	0.000103855
beta_lactam__CMY-16	0	0	2.18E-05	0	0	0	0	0	0	0	0	0	0	0	0	0	0	0	0	0	0	0
beta_lactam__THIN-B-beta-lactamase	0	0	0	0	6.67E-05	0	0	0	0	0	0	3.18E-05	6.79E-05	2.70E-05	0	0	0.000129906	0	0	0	0	0
vancomycin__vanYB	0	0	0	0	0	0	0	0	0	0	0	0	0	4.36E-05	0	0	0	0	0	0	0	0
macrolide-lincosamide-streptogramin__vgaALC	1.56E-05	0	0	0	0	0	0	0	0	0	0	0	0	0	0	0	0	0	0	0	0	0
aminoglycoside__aadA13	0.000677986	0.00031169	0.001399135	0.00027775	0.002439605	0.000167786	0.002472676	0.000730136	0.000372398	0.000259421	0.001767885	0.000411567	0.000545948	0.001314612	0.000685607	0.000857814	0.000416733	0.001859923	0.001483298	0.001110811	0.000786116	0.000504542
beta_lactam__BcIII	0	0	0	0	0	0.00021106	0	0	0	0	0	0	0	0	0	0	0	0	0	0	0	0
beta_lactam__TEM-192	0	0	0.00016941	0	0	0	0.000718894	0	0	0	7.17E-05	0	9.62E-05	0.000144803	0	0	0	0.000226754	0.000472067	0	0	0
beta_lactam__OXA-50	0	0	6.53E-05	0	0	0	0	3.55E-05	0	0	0	0	0	5.55E-05	0	0	0	0	0	0	0	0
defensin__Bacillus-subtilis-mprF	0	0	0	2.33E-05	1.84E-05	2.57E-05	0	2.18E-05	0	0	2.06E-05	0	0	0	2.06E-05	0	0	0	1.99E-05	0	0	0
beta_lactam__CTX-M-123	0	0	0.000177012	9.33E-05	0	0	5.07E-05	0	0	0	0	0	0	0	0	0	0	2.84E-05	0.000116252	0	0	0
beta_lactam__OXA-118	0	0	0.000219641	0	4.00E-05	4.18E-05	0.000325722	3.29E-05	0	0	0.000192012	0.000106559	0	0.000914104	0	4.07E-05	0	0.00059152	0.000220141	9.23E-05	3.29E-05	0
beta_lactam__BcII	0	0	0	0	0	0.001771039	5.77E-05	0	0	0	0	0	0	5.94E-05	0	0	8.52E-05	0	0	0	0	0.000176901
tetracycline__tet(30)	0	0	0	0	0.000102148	0.000135306	1.85E-05	0	0	0	0	7.56E-05	0	0.000158666	0.000109227	0.000104188	0	0	0	4.40E-05	0	0
beta_lactam__SHV-53	0	0	0.000524989	8.68E-05	0	9.19E-05	0.000274219	0	0	8.09E-05	3.64E-05	0	0.000149713	3.68E-05	0	0	0	0.000203054	0.000491043	0	0	0
tetracycline__tet(G)	0.002870698	0.000841572	0.003207623	0.000669316	0.005645508	0.001498621	0.009994453	0.003347575	0.003254661	0.001901212	0.004268824	0.009364142	0.00490896	0.012858805	0.003762023	0.005122048	0.002329607	0.025244654	0.004929435	0.004940393	0.003360226	0.001947095
aminoglycoside__AAC(6')-Iw	0	0	5.80E-05	0	0	0	0.000151169	0	0	0	0	0	0.000248155	0.000597461	0	0	0	0.00050202	5.76E-05	0	0	0
aminoglycoside__AAC(6')-Iih	0	0	0	0	0	0	0	0	0	4.15E-05	0	0	0	0	0	0	0	0	0	0	0	0
quinolone__QnrB30	0	0	3.96E-05	0	0	0	0.000137976	0	0	0	0	0	0	0	0	0	0	0	3.93E-05	0	0	0
aminoglycoside__armA	0	0	0	0	0	0	0	0	0	0	0	0	4.80E-05	0	0	0	0	0	0	0	0	0
beta_lactam__CMY-108	0	0	0	0	0	0	0	0	0	0	0	0	0	0	0	0	0	0	2.21E-05	0	0	0
multidrug__qacG	0	0	0	0	0	0	0	0	0	0	8.24E-05	0	0	0	0	0	0	0	0	0	0	0
beta_lactam__OKP-A-7	0	0	0	0	0	0	0	0	0	0	0	0	0	0	0	0	0	2.78E-05	0	0	0	0
trimethoprim__dfrG	0	0	0.000102665	0	0	6.60E-05	0.000132858	0	0	0	0	0	0	5.18E-05	0	0	0	0	0	0	0	0
macrolide-lincosamide-streptogramin__vat(E)	0	0	0	0	0	0	6.69E-05	0	0	0	8.32E-05	0	0	0	0	0	0	7.42E-05	0	0	0	0
aminoglycoside__AAC(6')-Ib3	4.42E-05	0	0	0	0	0	3.97E-05	0	0	0	0	0	0.000198245	4.84E-05	0	0	0	8.09E-05	0	0	0	0
aminoglycoside__APH(3'')-Ib	0.008653624	0.002680911	0.025658257	0.003184248	0.012626929	0.004323391	0.056026842	0.005547553	0.003237901	0.002553735	0.019653037	0.004657765	0.005971098	0.031655517	0.01096337	0.009282584	0.011369635	0.077190375	0.026836547	0.005926331	0.003167111	0.002122066
beta_lactam__SHV-105	0	0	0	0	0	0	5.16E-05	0	0	0	0	0	0	0	0	0	0	0	0	0	0	0
macrolide-lincosamide-streptogramin__erm(T)	9.59E-05	0	0.000719751	4.26E-05	0	0	0.000149126	0.000332613	0	0	0.000954492	8.33E-05	8.89E-05	0.000145978	0	0	9.05E-05	0.000263095	0.001024004	7.56E-05	0	0
beta_lactam__OXA-443	0	0	0	0	0	0	0	0	0	0	3.20E-05	0	0	0	0	0	0	0	0	0	0	0
macrolide-lincosamide-streptogramin__vga(A)	1.56E-05	0	0	0	0	0	2.86E-05	0	0	0	0	0	0	0	0	0	0	0	0	0	0	0
vancomycin__vanXI	4.02E-05	0	0	0	5.17E-05	5.50E-05	0	0	5.40E-05	4.95E-05	0	0	0	0	4.28E-05	0	0.000316152	4.01E-05	4.08E-05	0	0	0
beta_lactam__CKO-1	0	0	0	0	0	0	0	0	0	0	0	0	0	0	0	0	0	0	2.63E-05	0	0	0
beta_lactam__OXA-37	0	0	0	3.91E-05	0	0	5.49E-05	0	4.02E-05	3.61E-05	0.000132515	0	0	6.70E-05	0	0	0	2.61E-05	8.59E-05	3.40E-05	0.000124057	0.000111184
aminoglycoside__APH(9)-Ia	0	0	0	0	0	0	0	0	0	0	0	0	0	0	0	0	2.97E-05	0	0	0	0	0.000362056
beta_lactam__CMY-59	1.99E-05	0	2.14E-05	0	0	0	9.10E-05	0	0	0	2.23E-05	0	3.01E-05	4.35E-05	0	0	0	0	4.23E-05	0	0	0
multidrug__opmE	0	7.30E-06	0	0	0	0	0	0	0	0	0	6.83E-06	0	0	0	0	0	5.50E-06	0	0	1.49E-05	0
polymyxin__mcr-4.4	0	0	2.72E-05	0	0	0	8.13E-05	0	0	0	0	0	0	0	0	0	0	6.02E-05	7.84E-05	0	0	2.79E-05
macrolide-lincosamide-streptogramin__msr(C)	1.65E-05	0	0.000186204	0	0	0	0.000127606	3.79E-05	0	0	0	0	0	3.62E-05	0	0	0	6.59E-05	6.84E-05	0	0	0
tetracycline__tet(W)	0.007205476	0.000578619	0.022343799	0.001591025	0.000114969	0.000256675	0.030796045	0.002527561	0.000721288	0.00044191	0.005395707	0.000773691	0.001929279	0.004146663	0.001592972	0.000553649	0.000613758	0.017056491	0.008407276	0.002903687	0.000346035	0.000379426
macrolide-lincosamide-streptogramin__erm(49)	0	0	0	0	0	0	0	0	0	0	0	0	0	0	5.15E-05	0	0	0	0	0	0	0
multidrug__patB	0.000733463	3.01E-05	0.000684163	2.34E-05	5.29E-05	1.26E-05	0.002557289	9.88E-05	3.11E-05	2.81E-05	0.00105897	0.000100602	0.000101437	0.001329682	3.01E-05	9.61E-05	6.18E-05	0.002859945	0.001135961	0.000215	4.25E-05	0
multidrug__mtrE	3.30E-05	0	0.000256664	7.12E-06	1.46E-05	0	0.000231813	7.53E-05	0	0	0.000187224	0	0	8.53E-05	2.44E-05	0	0	0.000145647	0.000143409	3.02E-05	0	0
rifamycin__arr-7	0	0	0	0	0	0	0	0	0	0	0	0.000262907	0	0.000402224	0	0	0	0	0	0	0	0
beta_lactam__CfxA5	0.000126619	0	0.002265404	3.24E-05	3.25E-05	7.00E-05	0.004408272	0	0	0	0.001010703	0	0.000525182	0.000878068	5.50E-05	3.37E-05	0	0.001676677	0.001504315	0.000114412	6.99E-05	0.00014012
beta_lactam__GOB-36	0	0	0	0	0	0	0	0	0	0	0	0	0	0	0	0	3.62E-05	0	0	0	0	0
beta_lactam__ADC-76	0	0	0	0	0	0	0	0	0	0	0	0	0	4.74E-05	0	0	0	0	0	0	0	0
beta_lactam__LEN-13	0	0	0	0	0	0	2.78E-05	0	0	0	0	0	0	0	0	0	0	0	0	0	0	0
beta_lactam__OKP-B-2	2.84E-05	0	0	0	0	0	0	0	0	0	0	0	0	0	0	0	0	0	5.94E-05	0	0	0
beta_lactam__OXA-267	0	0	0	0	3.82E-05	0	0.00016169	0	0	0	3.23E-05	0	0	0.000323515	0	0	0	0.000238177	0	0	0	0
beta_lactam__OKP-B-7	0	0	0.000178293	0	7.30E-05	7.77E-05	0.000333708	0	0	0	0	0	0	6.29E-05	0	0	0	0.000138262	0.000653868	0	0	0
beta_lactam__cphA2	0	0	0.000100169	0	0	3.86E-05	0.000230354	0	0	0	0	7.96E-05	9.55E-05	0.000106307	0	4.27E-05	0	0	0.000636534	0	0	0
tetracycline__tet(55)	0	0	0	0	0	0	0	0	0	0	1.92E-05	0	0	0	0	0	0	0	0	0	0	0
macrolide-lincosamide-streptogramin__mel	0.024433842	0.001064514	0.018832778	0.002699242	0.000662939	0.00043434	0.043505311	0.01088041	0.001155669	0.001025373	0.053131118	0.001390464	0.002674617	0.016468279	0.004363223	0.001637214	0.000613695	0.039010217	0.023804981	0.004611564	0.000954762	0.000706199
vancomycin__vanXF	0	0	0	0	0	0	0	0	0	0	0.000120736	4.98E-05	0	0.000147615	0	0	0	3.77E-05	0	0	0	0
macrolide-lincosamide-streptogramin__erm(38)	5.67E-05	0	0	0	0	0	6.61E-05	0	0	0.000475871	0.000161131	2.66E-05	3.06E-05	0.000111188	0.00012973	0	5.32E-05	6.30E-05	0.000129514	8.32E-05	0	0
aminoglycoside__aadA22	0.000341255	0.000404025	0.002554026	0.00067667	0.000158695	4.23E-05	0.007096804	3.54E-05	0.000120277	0.00011322	0.000938189	0.000154633	0.000999925	0.002933901	6.85E-05	8.31E-05	0.000167113	0.004171514	0.004679616	0.000682782	0.002721117	0.00109524
beta_lactam__IDC-2	0	2.67E-05	0	0	0	0	0.000384707	0	5.53E-05	2.48E-05	0	5.10E-05	0	9.02E-05	0	0	0.000188081	0.000197704	0	0	0	0
beta_lactam__AQU-1	0	0	0.000172968	0	5.24E-05	0.000204881	0.000525275	0	0	0	0	0	0.000222595	4.71E-05	0	0	0	0.000125848	0.000325098	0	0	7.98E-05
beta_lactam__cphA5	0	0	3.40E-05	0	0	0	0	0	0	0	0	0	0	0	0	0	0	3.26E-05	0.000100735	0	0	0
beta_lactam__OXA-16	0	0	0	0	0	0	7.14E-05	0	4.25E-05	0	6.86E-05	0	0	0	0	0	4.34E-05	0.000160945	6.62E-05	3.59E-05	8.65E-05	0.000175014
multidrug__cdeA	0	0	0	0	0	0	0	0	0	0	0	0	0	0	1.92E-05	0	0	0	0	0	0	0
macrolide-lincosamide-streptogramin__erm(A)	0.000302437	0	0.000140132	0	0	0	0.000566287	0.000114977	0	0	0.001308504	0	4.97E-05	0.000147327	0.000478234	0	9.00E-05	0.000522908	0.000296368	0.000228894	0	0
polymyxin__rosB	0.000605242	0.000344139	0.004861534	0.000331197	0.001855054	0.016728611	0.009275084	0.000528359	0.00046834	0.000487746	0.001186579	0.003263081	0.005437112	0.004681949	0.001250139	0.001554379	0.002824621	0.005319968	0.012537254	0.00179216	0.001146182	0.000892322
tetracycline__tet(K)	0	0	0	0	0	0	0	0	0	0	0	0	0	0	0	0	6.13E-05	0	0	0	0	0
beta_lactam__GES-14	0.000283238	3.67E-05	0.000683584	0.000326671	0.000145425	7.75E-05	0.005916712	7.62E-05	0.000114876	0.000204719	0.000493783	0.000281972	0.000338355	0.005030756	0.000154969	0.000832815	0.000496727	0.004138591	0.004054339	6.37E-05	0.000231523	0.001970808
beta_lactam__CMY-2	0	0	0	0	0	0	0	0	0	0	0	0	0	0	0	0	0	0	0.00016593	0	0	0
beta_lactam__SHV-34	0	0	0	0	0	0	0	0	0	0	0	0	0	0	0	0	0	2.89E-05	0	0	0	0
beta_lactam__OXA-181	0	0	0	0	0	0	0	0	0	0	0	0	0	0	0	0	0	0	3.18E-05	0	0	5.70E-05
beta_lactam__OXA-486	0	0	0	0	0	0	0	0	0	0	0	0	0	0	3.09E-05	0	0	0	0	0	0	0
beta_lactam__RCP-1	0.00147835	0.001619477	0.002232347	0.000903478	0.000284893	0.000185044	0.003691502	0.001239637	0.001358645	0.000469259	0.001421553	0.001363466	0.001130552	0.004084222	0.000290071	0.000369088	0	0.006135818	0.001680893	0.004322864	0.001525416	0.000518362
tetracycline__tetX1	0	0	9.39E-05	0	0	0	0.00022182	0	0	0	4.96E-05	0.000141317	6.80E-05	2.48E-05	0	0	8.95E-05	2.26E-05	2.34E-05	0	0	0
beta_lactam__SRT-2	0	0	0	0	0	0	3.87E-05	0	0	0	0	0	0	0	0	0	0	0	0	0	0	0
aminoglycoside__apmA	0	0	0	0	0	0	0	0	0	0	0	0	0	0	0	0	0	0	2.38E-05	0	0	0
beta_lactam__GES-20	2.72E-05	0	0.000296923	0	7.27E-05	0	0.00176457	9.80E-05	7.68E-05	3.41E-05	0.000279476	7.01E-05	4.21E-05	0.00096626	3.14E-05	0.00011381	0.000267408	0.000736172	0.001181119	3.22E-05	3.83E-05	0.000842639
aminoglycoside__AAC(6')-29a	0	0	0	0	0	0	4.71E-05	0	0	0	0	0	0	0	0	0	0	0	0	0	0	0
beta_lactam__ACT-28	8.53E-05	0	8.89E-05	0	0	0	0.000346003	0	0	0	0	0	0	2.34E-05	0	0	0	0.000171531	0.000348404	0	0	0
vancomycin__vanYA	0	0	0	0	0	0.001049683	0	0	4.85E-05	0	0	0	0	0	0	0	3.49E-05	0	0	0	0	0
beta_lactam__CIA-1	2.84E-05	0	0	0	0	0	0	0	0	0	0	0	0	0	0	0	0	2.72E-05	0	0	0	0
chloramphenicol__cmlB1	0	0	0.000361309	0	0	0	0.001970516	0	0	0	4.19E-05	4.78E-05	0.00014226	0.002270949	0	0	5.25E-05	0.00086695	0.000332025	4.30E-05	0	0.000140499
beta_lactam__TEM-63	0	0	2.96E-05	0	0	0	0.000120448	0	0	0	0	0	0	6.23E-05	0	0	0	5.21E-05	5.28E-05	0	0	5.28E-05
beta_lactam__PER-1	0	0	0.000139181	0	0	0	0.000384435	0	0	0	0	0	0	8.67E-05	0	0	0	0.000184253	0.000676856	0	0	0
beta_lactam__Other-class-A-beta-lactamase	0.001910361	0.002753698	0.009585996	0.001695468	0.003952893	0.004601335	0.063022732	0.000341208	0.001409585	0.00086622	0.003370971	0.003040283	0.016753026	0.026155769	0.002159554	0.002230348	0.003112732	0.017211461	0.031675572	0.001873262	0.003010992	0.005127891
beta_lactam__AIM-1	0.00021353	0	0.000111813	0	6.89E-05	0	0.000208678	0	0	0.000131251	0.000204178	0.000133541	0	0.000206918	0.000117072	0	7.22E-05	0.000827803	0.00032531	6.03E-05	7.33E-05	0
macrolide-lincosamide-streptogramin__tlr(C)	0	0	0	0	0	0	0	0	0	0.000152071	0	0	0	0	0	0	0	0	0	0	0	0
beta_lactam__AQU-2	0	0	0	0	0	0	5.81E-05	0	0	0	0	0	0	0	0	0	0	0	0	0	0	0
aminoglycoside__ANT(2'')-Ia	7.32E-05	7.76E-05	0.002347525	0.000142907	7.98E-05	0.000462446	0.019735175	0	0	3.63E-05	0.000422149	3.88E-05	0.001041156	0.00701415	0	0.000263902	0.000553242	0.014545773	0.010527377	0.000128595	5.56E-05	0.000127886
beta_lactam__OKP-B-1	0	0	5.92E-05	0	0	3.89E-05	0	0	0	0	0	0	0	3.18E-05	0	0	0	2.83E-05	8.89E-05	0	0	0
beta_lactam__OXA-320	0	0	0	0	0	0	5.30E-05	0	0	0	0	0	0	0	0	0	0	0	0	0	0	0
beta_lactam__OXA-10	0.004398696	0.003094895	0.006493924	0.003232088	0.005627328	0.000465876	0.050547933	0.002193348	0.002953254	0.000996954	0.011774253	0.00525615	0.010195108	0.02011362	0.001874131	0.003680388	0.00217159	0.02652561	0.024952891	0.003641857	0.033237948	0.1001176
tetracycline__tet(X)	0	2.72E-05	0.000152139	2.69E-05	0.000960712	0	0.000527049	0	2.89E-05	0	2.33E-05	0.000386576	0.000124826	0.000575195	2.33E-05	0.000279874	2.87E-05	0.000549173	0.00010877	0.000135542	0.000170686	7.82E-05
beta_lactam__IMP-9	0	0	0	0	0	0	0	0	0	0	0	0	0	0	0	4.41E-05	0	0	0	0	0	0
beta_lactam__VIM-17	3.12E-05	0	0	0	0	0	0	0	0	0	0	0	0	0	0	0	0	0	0	0	0	0
fosfomycin__FosB	0.000170979	0	0	0	0	0.005929348	0	6.05E-05	0	0.000257589	0	0	0.000101486	5.36E-05	0	0	0.000327897	0	0	0	0	0
macrolide-lincosamide-streptogramin__erm(44)	0	0	3.49E-05	0	0	0	0	0	0	0	0	0	0	0	0	0	0	0	0	0	0	0
beta_lactam__CMY-45	0	0	0	0	0	0	0	0	0	0	6.94E-05	0	0	0	0	0	0	2.17E-05	0.000243838	0	0	0
tetracycline__otr(B)	0	0	0	0	0	0	0	0	0	0	0	0	0	0	1.57E-05	0	0	0	0	0	0	0
chloramphenicol__catQ	0.000825696	0.000192508	0.000153911	0.000143347	0	0	0.006076709	0.000316775	0.000100702	0	0.004843428	0	0.000325246	0.002594806	0.001359123	0.000327522	0	0.004052426	0.002507627	0.000329502	0	0
beta_lactam__GOB-16	0	0	0	0	0	0	2.52E-05	0	0	0	0	0	4.16E-05	0	0	0	0	0	0	0	0	0
defensin__Brucella-suis-mprF	9.26E-05	4.79E-05	3.89E-05	0	0	0	2.51E-05	0	0	0	0	2.29E-05	2.77E-05	0	0	0	0	4.59E-05	2.87E-05	0	0	0
trimethoprim__dfrB2	0	0	0	0	0	0	8.22E-05	0	0	0	0	0	0	0.000114162	0	0	0	0	0	0	0	0
macrolide-lincosamide-streptogramin__mph(L)	0	0	0	0	0	0.000141503	0	0	0	0	8.49E-05	0	0	0	0	0	0	0	0	0	0	0
macrolide-lincosamide-streptogramin__lnu(C)	0.003594093	0	0.014521804	0.000876913	0	0.000136942	0.023540974	0.001124163	0.000198316	0.007070108	0.002149336	0.000125242	0.002741194	0.002546404	4.17E-05	6.59E-05	0.000265271	0.010414358	0.003036566	0.000604304	0	0.000362549
rifamycin__arr-8	0	0	0	0	0	0	0	0	0	6.66E-05	0	0	0	0	0	0	0	0	0	0	0	0
quinolone__QnrB67	0	0	0	0	0	0	2.65E-05	0	0	0	0	0	0	3.40E-05	0	0	0	0	0	0	0	0
beta_lactam__CMY-4	0	0	4.45E-05	0	0	0	0	0	0	0	0	0	0	0	0	0	0	0	0.000133412	0	0	7.92E-05
aminoglycoside__AAC(3)-IIc	0	0	5.92E-05	0	0	0	0.000179368	0	0	0	0	0	4.22E-05	0.000219217	0	0	0	0.000481313	0.000118285	0	0	5.39E-05
beta_lactam__CMY-119	0	0	0	0	0	0	0	0	0	0	2.36E-05	0	0	0	0	0	0	0	6.72E-05	0	0	0
beta_lactam__CMY-29	0	0	0	0	0	2.80E-05	0	0	0	0	0	0	0	0	0	0	0	0	0	0	0	0
aminoglycoside__aadK	0	0	0	0	0	0	0.000102393	0	0	0	0	0	0	0	0	0	0	5.71E-05	0	0	0	0
tetracycline__tet(Q)	0.000915859	9.78E-05	0.028850406	0.001196835	9.65E-05	0.000102781	0.064286314	0.000127987	6.72E-05	0.000279923	0.003876622	0.000143477	0.007127109	0.007997136	0.000273236	1.69E-05	0.000538576	0.030441538	0.012457525	0.00204247	8.46E-05	0.000485381
trimethoprim__dfrA15	0	0	0.000316299	0	0.000119357	0	0.000280205	0	0	0.000189946	0.000164951	0	0.000116748	0.000216453	0	0	0	0	0.000474699	0	0	0
polymyxin__mcr-4.5	0	0	3.04E-05	0	0	4.11E-05	0.00010392	0	0	0	1.63E-05	0	2.23E-05	1.65E-05	0	0	0	4.50E-05	0.000201243	0	0	2.85E-05
polymyxin__mcr-4.1	0	0	1.57E-05	0	0	0	5.15E-05	0	0	0	3.29E-05	0	1.96E-05	4.94E-05	0	0	0	1.50E-05	0.000136807	0	0	2.79E-05
aminoglycoside__AAC(6')-Ib-cr	0.000244251	0	0.003567475	0.000273785	5.79E-05	0.000348574	0.015796283	5.06E-05	0	0.000100424	0.000897192	0.000195924	0.002011892	0.00530785	0.000222593	0.000389268	0.000278903	0.010012664	0.010437211	0.000138184	0.000171459	0.002487721
aminoglycoside__AAC(6')-Ip	0	0	0	0	0	0	0	0	0	0	0	0	0	5.25E-05	0	0	0	0	0	0	0	0
beta_lactam__MOX-6	0	0	8.94E-05	0	0	0	9.50E-05	0	0	0	0	0	0	9.30E-05	0	0	0	0.000170203	0.000287401	0	0	0
beta_lactam__OXA-129	0.000121782	3.95E-05	0.000374192	0.000110427	0	0	0.002846796	0	8.26E-05	0.00062573	0.000295696	0.000150008	0.000136618	0.001225131	0	0.00043892	0.00031752	0.002171317	0.00175389	0	0.000206828	0.000339226
beta_lactam__IMP-5	0	0.000128534	0	0.000169002	0	0	0	3.86E-05	8.69E-05	0.000119419	0	0	0	0	0	0	0	0	3.42E-05	0	0	0
tetracycline__tet(33)	0.001026359	4.02E-05	0.000392849	4.48E-05	0.000175273	0.000465412	0.000925167	0.000155975	0.000183905	4.81E-05	0.001676909	0.000851864	0.000359709	0.001240392	0.000239792	0.000159424	0.00015458	0.001205722	0.000665796	0.001369877	0.000180911	6.66E-05
beta_lactam__RSA-2	0	0	0	0	0	0	0	0	0	0	0	0	0	0	0	0	0	0.000131543	0	0	0	0
tetracycline__tet(32)	0.002253236	0.000448374	0.012875018	0.00063402	0.000114969	1.74E-05	0.01784843	0.000553835	0.000292489	0.000138546	0.00305113	0.000248147	0.001700198	0.00203882	0.001212271	0.000186852	0.00013791	0.011038637	0.00517534	0.001591965	6.92E-05	0.000404014
beta_lactam__CTX-M-87	0	0	0	0	0	0	2.51E-05	0	0	0	0	0	0	0	0	0	0	0	0	0	0	0
beta_lactam__TEM-87	0	0	3.02E-05	0	0	3.81E-05	0.000102198	0	0	3.49E-05	0	0	3.27E-05	6.29E-05	3.09E-05	0	0	2.20E-05	2.40E-05	0	0	0
quinolone__QnrVC3	0	8.88E-05	0.002506376	0.00036293	0	0	0.000803775	0	0.000376046	0.000718707	0.000645948	0	0	0.000184229	0	0	0	0.000198845	0.001169765	3.98E-05	0.000330547	0.001348173
macrolide-lincosamide-streptogramin__lsa(B)	0.001732272	6.43E-05	0.001898921	0.000208666	2.16E-05	0.001602181	0.003309519	0.000567414	2.22E-05	6.01E-05	0.002593811	4.13E-05	0.000243415	0.00050035	0.000789598	2.20E-05	0.000150547	0.001772396	0.001284849	0.000988384	2.24E-05	0.000117719
beta_lactam__GES-24	0	0	0	0	0	0	2.60E-05	0	0	0	0	0	4.29E-05	3.17E-05	0	0	0	5.71E-05	0	3.22E-05	0	0
beta_lactam__CTX-M-126	0	0	0	0	0	0	0	0	0	0	0	0	0	0	0	0	0	0	2.89E-05	0	0	0
fosfomycin__FosX	0	0	5.67E-05	0	0	7.20E-05	0.000379887	6.79E-05	0	0	0.000105472	6.52E-05	7.41E-05	0.000575762	0	6.64E-05	0.001296661	0.000849614	5.16E-05	0	0	0
beta_lactam__TEM-89	0	0	3.05E-05	0	0	0	0	0	0	0	0	0	0	0	0	0	0	0	0	0	0	0
beta_lactam__ACT-13	0	0	2.22E-05	0	0	0	5.52E-05	0	0	0	0	0	0	0	0	0	0	0	6.58E-05	0	0	0
tetracycline__tet(A)	0.000402035	0	0.008098427	0.000128496	0.001203776	0.003823684	0.025903275	0	0	2.52E-05	0.001494911	0.001325933	0.005082113	0.014531623	0.000609947	0.001015058	0.001085531	0.008879648	0.010610175	0.000439794	0.000392357	0.000622871
aminoglycoside__APH(3')-Ib	6.16E-05	0	0.000193269	6.42E-05	0	8.65E-05	0.002528247	0	0	7.23E-05	6.50E-05	0	0.000540403	0.000639881	0	0	0	0.000447966	0.000347921	0	0	0
chloramphenicol__catI	0	0	0.000228893	0	0	0	0.000162745	0	0	0	0	0	0	0	0	0	0	0.000219846	0.000188974	0	0	0
beta_lactam__OXA-12	0	0	0.001093429	0	0	0.000201075	0.002013199	0	0	3.71E-05	0	0	0	0.000203067	0	0	4.06E-05	0.000648645	0.001925379	3.43E-05	8.33E-05	0.000723505
aminoglycoside__aadA6/aadA10	0.00173982	0.001228467	0.001014656	0.000338464	0.000227549	0.000523319	0.005078893	0.001033348	0.000237242	0.000205616	0.000542774	0.000109001	0.000789228	0.003514496	0.000318527	0.000550554	0.000198132	0.003812549	0.002493394	0.000489037	0.000199361	5.45E-05
beta_lactam__VIM-31	0	0	3.18E-05	0	0	0	0	0	0	0	5.88E-05	0	0	0	0	0	0	0	3.23E-05	0	0	0
beta_lactam__OXA-350	0	0	0	0	0	0	2.51E-05	0	0	0	0	0	0	3.13E-05	0	0	0	0	0	0	0	0
macrolide-lincosamide-streptogramin__erm(36)	0	0	0	0	0	0	0	0	0	0	2.94E-05	7.31E-05	0	2.97E-05	0	0	8.97E-05	0	0	6.44E-05	0	0
quinolone__QnrS6	0.000448226	0.000196351	0.051496871	0.000958407	0.000337974	0.00015297	0.016191102	8.63E-05	0.000299406	0.000129257	0.010416837	0	0.001671001	0.003046024	0	0	0.000252778	0.0044004	0.025359867	8.30E-05	0.000302744	0.002150858
trimethoprim__dfrA16	0	0	0.000218841	0	0	0	0.000625974	0	0	0.000112794	0	0	7.78E-05	0.000225964	0	0	0	0.000105584	0.000309553	0	0	0
macrolide-lincosamide-streptogramin__erm(39)	9.85E-05	4.28E-05	0.000172854	0	0	0	8.61E-05	7.57E-05	4.53E-05	0.005212204	0.000487622	0	0	0.000144791	9.95E-05	4.40E-05	0.000202241	0.000188991	0.001056864	0.000213813	0	0
beta_lactam__OXA-240	0	0	0	0	0	0	0.000109882	0	0	0	0	3.71E-05	4.35E-05	0	0	0	0	0	6.20E-05	0	0	0.000227001
aminoglycoside__aadA2	0.00189276	0.001061373	0.002496032	0.003391376	0.000846017	0.000258385	0.008870974	0.000289133	0.000210725	0.000557095	0.001533174	0.000936575	0.001405528	0.006461508	0.000401149	0.001089865	0.000467734	0.008146724	0.00359226	0.000456043	0.000666517	0.000641125
polymyxin__mcr-3.5	0	0	0.000535494	3.84E-05	0	7.97E-05	0.000991784	0	0	0	1.63E-05	7.40E-05	0.000492934	0.000444746	0	0	4.08E-05	0.000656912	0.001429332	0	0	0.000111612
quinolone__QnrVC7	3.73E-05	0	0.004022413	9.54E-05	0	0	0.003324549	0	0	0	0.00012292	0	5.54E-05	0.000285929	0	0	0	0.00079614	0.003021695	0	0	6.92E-05
beta_lactam__OXA-56	6.11E-05	0	0	0	0.000275385	0	0.000357117	0	0	0	6.63E-05	0	9.08E-05	6.76E-05	0	0	0	0	3.16E-05	0	0	0
beta_lactam__OXA-13	9.29E-05	0	6.37E-05	0	0.001023888	0	0.001214311	0	4.10E-05	0	6.63E-05	0.000115053	0.000319666	0.000632631	3.32E-05	4.15E-05	4.11E-05	0.000390615	3.16E-05	0	0	0.000283751
beta_lactam__ECV-1	0	0	0	0	0	3.97E-05	0	0	0	3.65E-05	0	0	0	0	0	0	0	0	0	0	0	0
polymyxin__ICR-Mc	0	0	0	0	0	0	0.000212337	0	0	0	0	0	0	7.23E-05	0	0	0	2.66E-05	0	0	0	0
beta_lactam__KPC-16	0	0	2.95E-05	0	0	0	0	0	0	0	9.02E-05	0	3.28E-05	3.10E-05	6.02E-05	0	0	0.000195379	0.00021861	0	0	0
beta_lactam__MIR-3	4.35E-05	0	0	0	0	0	1.92E-05	0	0	0	2.36E-05	0	0	2.34E-05	0	0	0	0	8.56E-05	0	0	0
quinolone__QnrVC6	0	0.000466704	0.003505438	0.001145224	0	0	0.001526146	0	0.001209886	0.001345742	0.001700253	0	5.54E-05	0.0005952	0	0	0.000200585	0.000378717	0.002441933	0	0.000444848	0.00280516
beta_lactam__CTX-M-78	0	0	0	0	0	0	0	0	0	0	0	0	0	0	0	0	0	0	2.89E-05	0	0	0
other_peptide_antibiotics__thiostrepton-resistance-gene-tsnR	0	0	0	0	0	0	2.76E-05	0	0	0	0	0	0	0	0	0	0	0	0	0	0	0
multidrug__ceoA	0	0	0	0	0	0	0	0	0	0	0	0	1.01E-05	0	0	0	0	0	0	0	0	0
aminoglycoside__AAC(6')-I30	0	0	0	0	0	0	0	0	0	0	0	0	0.00013127	4.84E-05	0	0	0	3.51E-05	0	0	0	0
chloramphenicol__Lactobacillus-reuteri-cat-TC	0	0	3.04E-05	0	0	0	0	0	0	0	0	0	0	0	0	0	0	0	0	0	0	0
beta_lactam__IND-3	0	0	0	0	0	4.65E-05	0	0	0	0	0	0	0	0	0	0	0	0	0	0	0	0
quinolone__qepA	2.86E-05	6.27E-05	0	2.03E-05	2.08E-05	0	1.43E-05	3.72E-05	0	0	3.45E-05	9.16E-05	4.73E-05	6.58E-05	6.87E-05	0.000125682	9.78E-05	4.24E-05	4.60E-05	0	6.46E-05	0
beta_lactam__OXA-253	0	0	0	0	0	0	2.66E-05	0	0	0	0	0	0	0	0	0	0	5.90E-05	0	0	0	0
aminoglycoside__AAC(2')-Ic	0.001101701	0.001332183	0.001105881	0.006752508	5.76E-05	0.000670534	0.000158189	0.001117287	0.001053524	0.003983641	0.00091511	0.002597523	0.005889335	0.001617477	0.002183665	0.001425403	0.001873542	0.000355583	0.001123315	0.001449927	0.000835922	0.002641598
beta_lactam__OXA-35	0	0	0	0	3.92E-05	0	0.000137353	0	0	0	0	0	4.54E-05	0	0	0	0	3.11E-05	3.16E-05	0	0	0
aminoglycoside__AAC(6')-Ib-Suzhou	0	0	0.000296464	0	0	0	0.001022206	0	0	0	5.12E-05	0	0	0.000363455	0	0.000125748	6.36E-05	0.000709902	0.001251981	0.000154511	0	0.000349269
beta_lactam__ORN-1	0	0	2.91E-05	0	0	0	0	0	0	0	0	0	0	0	0	0	0	0	0	0	0	0
quinolone__QnrA2	0	0	0	0	0	0	3.35E-05	0	0	0	0	0	0	0	0	0	0	0	0	0	0	0
beta_lactam__OXA-724	0	0	0.000445229	0	0	7.91E-05	0.000716256	0	0	3.78E-05	6.81E-05	0	0.00033049	0.000168649	0	0	0	0.000338423	0.000612739	3.43E-05	3.49E-05	5.72E-05
beta_lactam__CMY-6	0	0	0	0	0	0	3.84E-05	0	0	0	0	0	0	2.38E-05	0	0	0	0	2.21E-05	0	0	0.000121289
beta_lactam__ACT-27	0	0	0	0	0	0	3.84E-05	0	0	0	0	0	0	0	0	0	0	0	2.21E-05	0	0	0
beta_lactam__GOB-7	0	0	0	0	0	0	0	0	0	0	0	0	0	0	0	0	0	3.22E-05	0	0	0	0
macrolide-lincosamide-streptogramin__vat(H)	3.07E-05	0	0	0	0	0.000103975	0	3.87E-05	4.13E-05	0	0	0	4.79E-05	0	0	0	5.06E-05	0	7.08E-05	0	0	0.000283827
beta_lactam__VIM-23	2.99E-05	0	6.37E-05	0	0	0	0	0	0	0	3.31E-05	0	0	0	0	0	0	0	0	0	0	0
aminoglycoside__APH(2'')-IVa	0	0	2.81E-05	0	0	0	0.000219478	0	0	0	8.78E-05	0	0	2.96E-05	0	0	0	2.69E-05	5.65E-05	0	0	0
vancomycin__vanM	0	0	0	0	3.10E-05	2.71E-05	0	0	0	0	0	0	0	0	0	0	0	0	0	0	0	0
beta_lactam__DHA-7	0	0	0.000112195	0	0	0	1.93E-05	0	0	0	0	0	0	0	0	0	0	0	0	0	0	0
aminoglycoside__aadA23	0.001036374	0.001216675	0.004871933	0.000920528	0.000484261	0.000127003	0.018937259	0.000321422	0.00025287	0.000151234	0.002420582	0.000352108	0.00307941	0.007782718	0.000234989	0.000418392	0.000761467	0.008844303	0.01359264	0.001386654	0.005763768	0.004008517
beta_lactam__CTX-M-55	0	0	8.73E-05	0	0	0	0	0	0	0	0	0	0	0	0	0	0	4.95E-05	8.08E-05	0	0	0
polymyxin__mcr-3.19	0	0	0.000534536	3.84E-05	0	2.10E-05	0.000644742	0	0	0	0	0	0.000247378	0.000282501	0	0	2.02E-05	0.000389927	0.001053192	0	0	8.37E-05
polymyxin__mcr-8.1	0	0	0	0	0	1.61E-05	1.06E-05	0	0	0	0	0	0	0	0	0	0	0	3.28E-05	0	0	0
aminoglycoside__amrB	7.79E-06	9.69E-06	8.12E-06	0	1.31E-05	1.76E-05	3.64E-05	5.95E-06	7.05E-06	2.18E-05	1.34E-05	2.52E-05	3.08E-05	8.36E-05	1.12E-05	2.76E-05	2.08E-05	5.58E-05	1.30E-05	1.13E-05	3.45E-05	3.86E-05
trimethoprim__dfrA5	0	0	0.000168258	0	0	0	0.000639183	0.000113287	0	0	0	0	0	0	0	0	0	7.69E-05	7.90E-05	0	0	7.09E-05
chloramphenicol__cmlB	0	0	2.03E-05	0	0	0	0.000107196	0	0	0	0	0	2.83E-05	0.000150625	0	0	0	4.00E-05	0	0	0	0
beta_lactam__LUT-6	0	0	0	0	0	0	0	3.15E-05	0	3.31E-05	0	0	0	0	5.96E-05	3.65E-05	0	2.79E-05	0	0	0	0
beta_lactam__CMY-64	0	0	0	0	0	0	1.92E-05	0	0	0	2.31E-05	0	0	0	0	0	0	4.26E-05	0	0	0	0
polymyxin__mcr-4.2	0	0	3.13E-05	0	0	0	0	0	0	0	1.63E-05	0	0	0	0	0	0	0	1.56E-05	0	0	0
beta_lactam__MOX-2	0	0	0.000659739	0	2.73E-05	2.91E-05	0.00162516	0	0	0	4.66E-05	0	9.03E-05	0.000462407	0	2.83E-05	0	0.000810365	0.000977742	0	0	7.98E-05
beta_lactam__EFM-1	0	9.19E-05	2.80E-05	0	0	0	0	0	0	3.04E-05	2.92E-05	0	3.18E-05	0	0	0	0	0	0	0	0	0
fosfomycin__FosM2	0	0	0	0	0	0.000434123	0	0	0	0	0	0	0	0	0	0	0	0	0	0	0	0